protocol,bidirectional_duration_ms,bidirectional_packets,bidirectional_bytes,src2dst_packets,dst2src_packets,src2dst_bytes,dst2src_bytes,bidirectional_mean_ps,bidirectional_syn_packets,bidirectional_ack_packets,bidirectional_rst_packets,bidirectional_fin_packets,bidirectional_psh_packets,bytes_asymmetry_ratio,packets_asymmetry_ratio,bidirectional_packets_per_ms,bytes_per_packet,syn_ack_ratio_nfstream,manual_packet_count,iat_mean_ms,iat_std_ms,iat_cv,rtt_estimate_ms,tcp_window_min,tcp_window_max,tcp_window_mean,tcp_window_var,syn_ack_ratio_manual,duration_zero_flag,syn_ack_ratio_nfstream_missing,iat_mean_ms_missing,iat_std_ms_missing,iat_cv_missing,rtt_estimate_ms_missing,tcp_window_min_missing,tcp_window_max_missing,tcp_window_mean_missing,tcp_window_var_missing,syn_ack_ratio_manual_missing,label
17,0,1,42,1,0,42,0,42.0,0,0,0,0,0,43.0,2.0,1.0,42.0,1.0,1,0.0128746032714843,0.0,0.0,0.0269412994384765,0.0,1024.0,512.0,262144.0,1.0,1,1,1,1,1,1,1,1,1,1,1,udp_scan
6,1,2,154,1,1,112,54,81.5,1,1,0,0,0,1.0727272727272728,1.4,2.0,81.5,1.0,2,0.08767975701226247,0.0,0.0,0.0269412994384765,0.0,1024.0,512.0,262144.0,1.0,0,0,0,0,0,0,0,0,0,0,0,normal
17,0,1,42,1,0,42,0,42.0,0,0,0,0,0,43.0,2.0,1.0,42.0,1.0,1,0.0128746032714843,0.0,0.0,0.0269412994384765,0.0,1024.0,512.0,262144.0,1.0,1,1,1,1,1,1,1,1,1,1,1,udp_scan
17,0,1,42,1,0,42,0,42.0,0,0,0,0,0,43.0,2.0,1.0,42.0,1.0,1,0.0128746032714843,0.0,0.0,0.0269412994384765,0.0,1024.0,512.0,262144.0,1.0,1,1,1,1,1,1,1,1,1,1,1,udp_scan
17,0,1,42,1,0,42,0,42.0,0,0,0,0,0,43.0,2.0,1.0,42.0,1.0,1,0.0128746032714843,0.0,0.0,0.0269412994384765,0.0,1024.0,512.0,262144.0,1.0,1,1,1,1,1,1,1,1,1,1,1,udp_scan
6,0,2,112,1,1,58,54,56.0,1,1,1,0,0,1.0727272727272728,1.0,2.0,56.0,1.0,2,0.0138282775878906,0.0,0.0,0.0269412994384765,0.0,1024.0,512.0,262144.0,1.0,1,0,0,0,0,1,0,0,0,0,0,syn_scan
17,0,1,88,1,0,88,0,81.5,0,0,0,0,0,43.0,2.0,1.0,81.5,1.0,1,0.0128746032714843,0.0,0.0,0.0269412994384765,0.0,1024.0,512.0,262144.0,1.0,1,1,1,1,1,1,1,1,1,1,1,icmp_flood
17,1,2,154,1,0,112,0,81.5,0,0,0,0,0,43.0,2.0,2.0,81.5,1.0,2,0.0283122062683105,0.0,0.0,0.0269412994384765,0.0,1024.0,512.0,262144.0,1.0,0,1,0,0,0,1,1,1,1,1,1,port_sweep
17,0,1,42,1,0,42,0,42.0,0,0,0,0,0,43.0,2.0,1.0,42.0,1.0,1,0.0128746032714843,0.0,0.0,0.0269412994384765,0.0,1024.0,512.0,262144.0,1.0,1,1,1,1,1,1,1,1,1,1,1,udp_scan
6,0,2,112,1,1,58,54,56.0,1,1,1,0,0,1.0727272727272728,1.0,2.0,56.0,1.0,2,0.0109672546386718,0.0,0.0,0.0269412994384765,0.0,1024.0,512.0,262144.0,1.0,1,0,0,0,0,1,0,0,0,0,0,port_sweep
17,0,1,66,1,0,66,0,66.0,0,0,0,0,0,43.0,2.0,1.0,66.0,1.0,1,0.0128746032714843,0.0,0.0,0.0269412994384765,0.0,1024.0,512.0,262144.0,1.0,1,1,1,1,1,1,1,1,1,1,1,icmp_flood
6,1,2,154,1,1,112,54,81.5,1,1,0,0,0,1.0727272727272728,1.0,2.0,81.5,1.0,2,0.0257574278732826,0.0,0.0,0.0269412994384765,0.0,1024.0,512.0,262144.0,1.0,0,0,0,0,0,0,0,0,0,0,0,normal
17,0,1,42,1,0,42,0,42.0,0,0,0,0,0,43.0,2.0,1.0,42.0,1.0,1,0.0128746032714843,0.0,0.0,0.0269412994384765,0.0,1024.0,512.0,262144.0,1.0,1,1,1,1,1,1,1,1,1,1,1,udp_scan
17,1,2,154,1,0,112,0,81.5,0,0,0,0,0,43.0,2.0,2.0,81.5,1.0,2,0.04954423223223,0.0,0.0,0.0269412994384765,0.0,1024.0,512.0,262144.0,1.0,0,1,0,0,0,1,1,1,1,1,1,port_sweep
6,0,2,112,1,1,58,54,56.0,1,1,1,0,0,1.0727272727272728,1.0,2.0,56.0,1.0,2,0.0200271606445312,0.0,0.0,0.0269412994384765,0.0,1024.0,512.0,262144.0,1.0,1,0,0,0,0,1,0,0,0,0,0,syn_scan
6,1,2,154,1,1,112,54,80.76190476190477,1,1,0,0,0,1.0727272727272728,1.0,1.0,80.76190476190476,1.0,2,0.08767975701226247,0.0,0.0,0.0269412994384765,0.0,1024.0,512.0,262144.0,1.0,0,0,0,0,0,0,0,0,0,0,0,normal
17,0,1,42,1,0,42,0,42.0,0,0,0,0,0,43.0,2.0,1.0,42.0,1.0,1,0.0128746032714843,0.0,0.0,0.0269412994384765,0.0,1024.0,512.0,262144.0,1.0,1,1,1,1,1,1,1,1,1,1,1,udp_scan
17,0,1,42,1,0,42,0,42.0,0,0,0,0,0,43.0,2.0,1.0,42.0,1.0,1,0.0128746032714843,0.0,0.0,0.0269412994384765,0.0,1024.0,512.0,262144.0,1.0,1,1,1,1,1,1,1,1,1,1,1,udp_scan
17,0,1,42,1,0,42,0,42.0,0,0,0,0,0,43.0,2.0,1.0,42.0,1.0,1,0.0128746032714843,0.0,0.0,0.0269412994384765,0.0,1024.0,512.0,262144.0,1.0,1,1,1,1,1,1,1,1,1,1,1,udp_scan
6,0,2,154,1,1,112,54,56.66666666666666,1,1,1,0,0,1.915254237288136,1.5,2.0,56.66666666666666,1.0,2,0.0460147857666015,0.0,0.0,0.0269412994384765,0.0,1024.0,512.0,262144.0,1.0,1,0,0,0,0,1,0,0,0,0,0,port_sweep
17,0,2,154,1,1,96,54,81.5,0,0,0,0,0,1.0727272727272728,1.0,2.0,81.5,1.0,2,0.08767975701226247,0.0,0.0,0.0269412994384765,0.0,1024.0,512.0,262144.0,1.0,1,1,0,0,0,1,1,1,1,1,1,normal
6,1,2,154,1,1,112,54,81.5,1,1,0,0,0,1.0727272727272728,1.0,2.0,81.5,1.0,2,0.0368952751159668,0.0,0.0,0.0269412994384765,0.0,1024.0,512.0,262144.0,1.0,0,0,0,0,0,0,0,0,0,0,0,normal
17,0,1,42,1,0,42,0,42.0,0,0,0,0,0,43.0,2.0,1.0,42.0,1.0,1,0.0128746032714843,0.0,0.0,0.0269412994384765,0.0,1024.0,512.0,262144.0,1.0,1,1,1,1,1,1,1,1,1,1,1,udp_scan
17,0,1,66,1,0,66,0,66.0,0,0,0,0,0,43.0,2.0,1.0,66.0,1.0,1,0.0128746032714843,0.0,0.0,0.0269412994384765,0.0,1024.0,512.0,262144.0,1.0,1,1,1,1,1,1,1,1,1,1,1,icmp_flood
6,1,2,154,1,1,112,54,81.5,1,1,0,0,0,1.0727272727272728,1.0,1.0,81.5,1.0,2,0.08767975701226247,0.0,0.0,0.0269412994384765,0.0,1024.0,512.0,262144.0,1.0,0,0,0,0,0,0,0,0,0,0,0,normal
17,0,2,154,1,1,96,54,81.5,0,0,0,0,0,1.0727272727272728,1.0,2.0,81.5,1.0,2,0.08767975701226247,0.0,0.0,0.0269412994384765,0.0,1024.0,512.0,262144.0,1.0,1,1,0,0,0,1,1,1,1,1,1,normal
17,0,2,154,1,1,99,54,81.5,0,0,0,0,0,1.0727272727272728,1.0,2.0,81.5,1.0,2,0.08767975701226247,0.0,0.0,0.0269412994384765,0.0,1024.0,512.0,262144.0,1.0,1,1,0,0,0,1,1,1,1,1,1,normal
6,0,2,112,1,1,58,54,56.0,1,1,1,0,0,1.0727272727272728,1.0,2.0,56.0,1.0,2,0.0090599060058593,0.0,0.0,0.0269412994384765,0.0,1024.0,512.0,262144.0,1.0,1,0,0,0,0,1,0,0,0,0,0,syn_scan
6,0,2,112,1,1,58,54,56.0,1,1,1,0,0,1.0727272727272728,1.0,2.0,56.0,1.0,2,0.0119209289550781,0.0,0.0,0.0269412994384765,0.0,1024.0,512.0,262144.0,1.0,1,0,0,0,0,1,0,0,0,0,0,syn_scan
17,0,1,42,1,0,42,0,42.0,0,0,0,0,0,43.0,2.0,1.0,42.0,1.0,1,0.0128746032714843,0.0,0.0,0.0269412994384765,0.0,1024.0,512.0,262144.0,1.0,1,1,1,1,1,1,1,1,1,1,1,udp_scan
6,0,2,154,1,1,112,54,81.5,1,1,0,0,0,1.1224105461393596,1.4,2.0,81.5,1.0,2,0.0810888078477647,0.0,0.0,0.0269412994384765,0.0,1024.0,512.0,262144.0,1.0,1,0,0,0,0,0,0,0,0,0,0,normal
6,1,2,154,1,1,112,54,80.34883720930232,1,1,0,0,0,1.0727272727272728,1.0,1.0,80.34883720930233,1.0,2,0.08767975701226247,0.0,0.0,0.0269412994384765,0.0,1024.0,512.0,262144.0,1.0,0,0,0,0,0,0,0,0,0,0,0,normal
6,0,2,112,1,1,58,54,56.0,1,1,1,0,0,1.0727272727272728,1.0,2.0,56.0,1.0,2,0.0169277191162109,0.0,0.0,0.0269412994384765,0.0,1024.0,512.0,262144.0,1.0,1,0,0,0,0,1,0,0,0,0,0,syn_scan
6,0,2,112,1,1,58,54,56.0,1,1,1,0,0,1.0727272727272728,1.0,2.0,56.0,1.0,2,0.0181198120117187,0.0,0.0,0.0269412994384765,0.0,1024.0,512.0,262144.0,1.0,1,0,0,0,0,1,0,0,0,0,0,syn_scan
17,0,1,66,1,0,66,0,66.0,0,0,0,0,0,43.0,2.0,1.0,66.0,1.0,1,0.0128746032714843,0.0,0.0,0.0269412994384765,0.0,1024.0,512.0,262144.0,1.0,1,1,1,1,1,1,1,1,1,1,1,icmp_flood
6,0,2,154,1,1,112,54,81.5,1,1,0,0,0,1.1224105461393596,1.4,2.0,81.5,1.0,2,0.0704394446478949,0.0,0.0,0.0269412994384765,0.0,1024.0,512.0,262144.0,1.0,1,0,0,0,0,0,0,0,0,0,0,normal
17,0,1,66,1,0,66,0,66.0,0,0,0,0,0,43.0,2.0,1.0,66.0,1.0,1,0.0128746032714843,0.0,0.0,0.0269412994384765,0.0,1024.0,512.0,262144.0,1.0,1,1,1,1,1,1,1,1,1,1,1,icmp_flood
17,0,1,66,1,0,66,0,66.0,0,0,0,0,0,43.0,2.0,1.0,66.0,1.0,1,0.0128746032714843,0.0,0.0,0.0269412994384765,0.0,1024.0,512.0,262144.0,1.0,1,1,1,1,1,1,1,1,1,1,1,icmp_flood
6,0,2,112,1,1,58,54,56.0,1,1,1,0,0,1.0727272727272728,1.0,2.0,56.0,1.0,2,0.0259876251220703,0.0,0.0,0.0269412994384765,0.0,1024.0,512.0,262144.0,1.0,1,0,0,0,0,1,0,0,0,0,0,port_sweep
6,0,2,112,1,1,58,54,56.0,1,1,1,0,0,1.0727272727272728,1.0,2.0,56.0,1.0,2,0.08767975701226247,0.0,0.0,0.0269412994384765,0.0,1024.0,512.0,262144.0,1.0,1,0,0,0,0,1,0,0,0,0,0,port_sweep
17,0,1,42,1,0,42,0,42.0,0,0,0,0,0,43.0,2.0,1.0,42.0,1.0,1,0.0128746032714843,0.0,0.0,0.0269412994384765,0.0,1024.0,512.0,262144.0,1.0,1,1,1,1,1,1,1,1,1,1,1,udp_scan
17,0,1,42,1,0,42,0,42.0,0,0,0,0,0,43.0,2.0,1.0,42.0,1.0,1,0.0128746032714843,0.0,0.0,0.0269412994384765,0.0,1024.0,512.0,262144.0,1.0,1,1,1,1,1,1,1,1,1,1,1,udp_scan
17,0,1,42,1,0,42,0,42.0,0,0,0,0,0,43.0,2.0,1.0,42.0,1.0,1,0.0128746032714843,0.0,0.0,0.0269412994384765,0.0,1024.0,512.0,262144.0,1.0,1,1,1,1,1,1,1,1,1,1,1,udp_scan
17,0,2,154,1,1,96,54,81.5,0,0,0,0,0,1.0727272727272728,1.0,2.0,81.5,1.0,2,0.08767975701226247,0.0,0.0,0.0269412994384765,0.0,1024.0,512.0,262144.0,1.0,1,1,0,0,0,1,1,1,1,1,1,normal
6,1,2,154,1,1,112,54,81.5,1,1,0,0,0,1.0727272727272728,1.020408163265306,2.0,81.5,1.0,2,0.0291243195533752,0.0,0.0,0.0269412994384765,0.0,1024.0,512.0,262144.0,1.0,0,0,0,0,0,0,0,0,0,0,0,normal
6,0,2,112,1,1,58,54,56.0,1,1,1,0,0,1.0727272727272728,1.0,2.0,56.0,1.0,2,0.0848770141601562,0.0,0.0,0.0269412994384765,0.0,1024.0,512.0,262144.0,1.0,1,0,0,0,0,1,0,0,0,0,0,port_sweep
17,0,1,88,1,0,88,0,81.5,0,0,0,0,0,43.0,2.0,1.0,81.5,1.0,1,0.0128746032714843,0.0,0.0,0.0269412994384765,0.0,1024.0,512.0,262144.0,1.0,1,1,1,1,1,1,1,1,1,1,1,icmp_flood
17,0,1,42,1,0,42,0,42.0,0,0,0,0,0,43.0,2.0,1.0,42.0,1.0,1,0.0128746032714843,0.0,0.0,0.0269412994384765,0.0,1024.0,512.0,262144.0,1.0,1,1,1,1,1,1,1,1,1,1,1,udp_scan
17,0,1,42,1,0,42,0,42.0,0,0,0,0,0,43.0,2.0,1.0,42.0,1.0,1,0.0128746032714843,0.0,0.0,0.0269412994384765,0.0,1024.0,512.0,262144.0,1.0,1,1,1,1,1,1,1,1,1,1,1,udp_scan
17,0,1,42,1,0,42,0,42.0,0,0,0,0,0,43.0,2.0,1.0,42.0,1.0,1,0.0128746032714843,0.0,0.0,0.0269412994384765,0.0,1024.0,512.0,262144.0,1.0,1,1,1,1,1,1,1,1,1,1,1,udp_scan
17,0,1,42,1,0,42,0,42.0,0,0,0,0,0,43.0,2.0,1.0,42.0,1.0,1,0.0128746032714843,0.0,0.0,0.0269412994384765,0.0,1024.0,512.0,262144.0,1.0,1,1,1,1,1,1,1,1,1,1,1,udp_scan
17,0,1,66,1,0,66,0,66.0,0,0,0,0,0,43.0,2.0,1.0,66.0,1.0,1,0.0128746032714843,0.0,0.0,0.0269412994384765,0.0,1024.0,512.0,262144.0,1.0,1,1,1,1,1,1,1,1,1,1,1,icmp_flood
17,0,2,154,1,1,98,54,81.5,0,0,0,0,0,1.0727272727272728,1.0,2.0,81.5,1.0,2,0.08767975701226247,0.0,0.0,0.0269412994384765,0.0,1024.0,512.0,262144.0,1.0,1,1,0,0,0,1,1,1,1,1,1,normal
6,0,2,112,1,1,58,54,56.0,1,1,1,0,0,1.0727272727272728,1.0,2.0,56.0,1.0,2,0.0169277191162109,0.0,0.0,0.0269412994384765,0.0,1024.0,512.0,262144.0,1.0,1,0,0,0,0,1,0,0,0,0,0,syn_scan
17,0,2,154,1,1,96,54,81.5,0,0,0,0,0,1.0727272727272728,1.0,2.0,81.5,1.0,2,0.08767975701226247,0.0,0.0,0.0269412994384765,0.0,1024.0,512.0,262144.0,1.0,1,1,0,0,0,1,1,1,1,1,1,normal
6,1,2,154,1,1,112,54,81.5,1,1,0,0,0,1.1224105461393596,1.4,2.0,81.5,1.0,2,0.0733269585503472,0.0,0.0,0.0269412994384765,0.0,1024.0,512.0,262144.0,1.0,0,0,0,0,0,0,0,0,0,0,0,normal
17,0,1,42,1,0,42,0,42.0,0,0,0,0,0,43.0,2.0,1.0,42.0,1.0,1,0.0128746032714843,0.0,0.0,0.0269412994384765,0.0,1024.0,512.0,262144.0,1.0,1,1,1,1,1,1,1,1,1,1,1,udp_scan
6,1,2,154,1,1,112,54,81.5,1,1,0,0,0,1.0727272727272728,1.0769230769230769,2.0,81.5,1.0,2,0.049750010172526,0.0,0.0,0.0269412994384765,0.0,1024.0,512.0,262144.0,1.0,0,0,0,0,0,0,0,0,0,0,0,normal
6,0,2,112,1,1,58,54,56.0,1,1,1,0,0,1.0727272727272728,1.0,2.0,56.0,1.0,2,0.0078678131103515,0.0,0.0,0.0269412994384765,0.0,1024.0,512.0,262144.0,1.0,1,0,0,0,0,1,0,0,0,0,0,syn_scan
6,1,2,154,1,1,112,54,81.5,1,1,0,0,0,1.0727272727272728,1.4,2.0,81.5,1.0,2,0.08767975701226247,0.0,0.0,0.0269412994384765,0.0,1024.0,512.0,262144.0,1.0,0,0,0,0,0,0,0,0,0,0,0,normal
17,0,1,42,1,0,42,0,42.0,0,0,0,0,0,43.0,2.0,1.0,42.0,1.0,1,0.0128746032714843,0.0,0.0,0.0269412994384765,0.0,1024.0,512.0,262144.0,1.0,1,1,1,1,1,1,1,1,1,1,1,udp_scan
17,0,1,42,1,0,42,0,42.0,0,0,0,0,0,43.0,2.0,1.0,42.0,1.0,1,0.0128746032714843,0.0,0.0,0.0269412994384765,0.0,1024.0,512.0,262144.0,1.0,1,1,1,1,1,1,1,1,1,1,1,udp_scan
6,1,2,154,1,1,112,54,81.5,1,1,0,0,0,1.0727272727272728,1.4,2.0,81.5,1.0,2,0.08767975701226247,0.0,0.0,0.0269412994384765,0.0,1024.0,512.0,262144.0,1.0,0,0,0,0,0,0,0,0,0,0,0,normal
6,0,2,112,1,1,58,54,56.0,1,1,1,0,0,1.0727272727272728,1.0,2.0,56.0,1.0,2,0.0069141387939453,0.0,0.0,0.0269412994384765,0.0,1024.0,512.0,262144.0,1.0,1,0,0,0,0,1,0,0,0,0,0,syn_scan
6,0,2,112,1,1,58,54,56.0,1,1,1,0,0,1.0727272727272728,1.0,2.0,56.0,1.0,2,0.0178813934326171,0.0,0.0,0.0269412994384765,0.0,1024.0,512.0,262144.0,1.0,1,0,0,0,0,1,0,0,0,0,0,syn_scan
6,0,2,112,1,1,58,54,56.0,1,1,1,0,0,1.0727272727272728,1.0,2.0,56.0,1.0,2,0.0181198120117187,0.0,0.0,0.0269412994384765,0.0,1024.0,512.0,262144.0,1.0,1,0,0,0,0,1,0,0,0,0,0,syn_scan
6,1,2,154,1,1,112,54,81.5,1,1,0,0,0,1.0727272727272728,1.4,2.0,81.5,1.0,2,0.08767975701226247,0.0,0.0,0.0269412994384765,0.0,1024.0,512.0,262144.0,1.0,0,0,0,0,0,0,0,0,0,0,0,normal
6,0,2,112,1,1,58,54,56.0,1,1,1,0,0,1.0727272727272728,1.0,2.0,56.0,1.0,2,0.0131130218505859,0.0,0.0,0.0269412994384765,0.0,1024.0,512.0,262144.0,1.0,1,0,0,0,0,1,0,0,0,0,0,syn_scan
17,0,1,42,1,0,42,0,42.0,0,0,0,0,0,43.0,2.0,1.0,42.0,1.0,1,0.0128746032714843,0.0,0.0,0.0269412994384765,0.0,1024.0,512.0,262144.0,1.0,1,1,1,1,1,1,1,1,1,1,1,udp_scan
17,0,1,42,1,0,42,0,42.0,0,0,0,0,0,43.0,2.0,1.0,42.0,1.0,1,0.0128746032714843,0.0,0.0,0.0269412994384765,0.0,1024.0,512.0,262144.0,1.0,1,1,1,1,1,1,1,1,1,1,1,udp_scan
17,0,1,42,1,0,42,0,42.0,0,0,0,0,0,43.0,2.0,1.0,42.0,1.0,1,0.0128746032714843,0.0,0.0,0.0269412994384765,0.0,1024.0,512.0,262144.0,1.0,1,1,1,1,1,1,1,1,1,1,1,udp_scan
6,1,2,154,1,1,112,54,81.5,1,1,0,0,0,1.0727272727272728,1.0,2.0,81.5,1.0,2,0.0528252643087635,0.0,0.0,0.0269412994384765,0.0,1024.0,512.0,262144.0,1.0,0,0,0,0,0,0,0,0,0,0,0,normal
6,0,2,112,1,1,58,54,56.0,1,1,1,0,0,1.0727272727272728,1.0,2.0,56.0,1.0,2,0.0159740447998046,0.0,0.0,0.0269412994384765,0.0,1024.0,512.0,262144.0,1.0,1,0,0,0,0,1,0,0,0,0,0,syn_scan
17,0,1,42,1,0,42,0,42.0,0,0,0,0,0,43.0,2.0,1.0,42.0,1.0,1,0.0128746032714843,0.0,0.0,0.0269412994384765,0.0,1024.0,512.0,262144.0,1.0,1,1,1,1,1,1,1,1,1,1,1,udp_scan
17,0,1,42,1,0,42,0,42.0,0,0,0,0,0,43.0,2.0,1.0,42.0,1.0,1,0.0128746032714843,0.0,0.0,0.0269412994384765,0.0,1024.0,512.0,262144.0,1.0,1,1,1,1,1,1,1,1,1,1,1,udp_scan
6,1,2,154,1,1,112,54,81.5,1,1,0,0,0,1.0727272727272728,1.0,2.0,81.5,1.0,2,0.0340215275796611,0.0,0.0,0.0269412994384765,0.0,1024.0,512.0,262144.0,1.0,0,0,0,0,0,0,0,0,0,0,0,normal
6,0,2,112,1,1,58,54,56.0,1,1,1,0,0,1.0727272727272728,1.0,2.0,56.0,1.0,2,0.0109672546386718,0.0,0.0,0.0269412994384765,0.0,1024.0,512.0,262144.0,1.0,1,0,0,0,0,1,0,0,0,0,0,syn_scan
6,0,2,112,1,1,58,54,56.0,1,1,1,0,0,1.0727272727272728,1.0,2.0,56.0,1.0,2,0.0169277191162109,0.0,0.0,0.0269412994384765,0.0,1024.0,512.0,262144.0,1.0,1,0,0,0,0,1,0,0,0,0,0,syn_scan
6,1,2,154,1,1,112,54,81.5,1,1,0,0,0,1.0727272727272728,1.0,2.0,81.5,1.0,2,0.0482522524320162,0.0,0.0,0.0269412994384765,0.0,1024.0,512.0,262144.0,1.0,0,0,0,0,0,0,0,0,0,0,0,normal
6,1,2,154,1,1,112,54,81.5,1,1,0,0,0,1.0727272727272728,1.0769230769230769,2.0,81.5,1.0,2,0.0523726145426432,0.0,0.0,0.0269412994384765,0.0,1024.0,512.0,262144.0,1.0,0,0,0,0,0,0,0,0,0,0,0,normal
6,0,2,112,1,1,58,54,56.0,1,1,1,0,0,1.0727272727272728,1.0,2.0,56.0,1.0,2,0.0071525573730468,0.0,0.0,0.0269412994384765,0.0,1024.0,512.0,262144.0,1.0,1,0,0,0,0,1,0,0,0,0,0,syn_scan
6,0,2,112,1,1,58,54,56.0,1,1,1,0,0,1.0727272727272728,1.0,2.0,56.0,1.0,2,0.0090599060058593,0.0,0.0,0.0269412994384765,0.0,1024.0,512.0,262144.0,1.0,1,0,0,0,0,1,0,0,0,0,0,syn_scan
17,0,1,42,1,0,42,0,42.0,0,0,0,0,0,43.0,2.0,1.0,42.0,1.0,1,0.0128746032714843,0.0,0.0,0.0269412994384765,0.0,1024.0,512.0,262144.0,1.0,1,1,1,1,1,1,1,1,1,1,1,udp_scan
17,0,1,42,1,0,42,0,42.0,0,0,0,0,0,43.0,2.0,1.0,42.0,1.0,1,0.0128746032714843,0.0,0.0,0.0269412994384765,0.0,1024.0,512.0,262144.0,1.0,1,1,1,1,1,1,1,1,1,1,1,udp_scan
6,1,2,154,1,1,112,54,81.5,1,1,0,0,0,1.0727272727272728,1.3333333333333333,1.3333333333333333,81.5,1.0,2,0.08767975701226247,0.0,0.0,0.0269412994384765,0.0,1024.0,512.0,262144.0,1.0,0,0,0,0,0,0,0,0,0,0,0,normal
6,0,2,112,1,1,58,54,56.0,1,1,1,0,0,1.0727272727272728,1.0,2.0,56.0,1.0,2,0.0119209289550781,0.0,0.0,0.0269412994384765,0.0,1024.0,512.0,262144.0,1.0,1,0,0,0,0,1,0,0,0,0,0,syn_scan
6,1,2,154,1,1,112,54,81.5,1,1,0,0,0,1.1224105461393596,1.4,2.0,81.5,1.0,2,0.08767975701226247,0.0,0.0,0.0269412994384765,0.0,1024.0,512.0,262144.0,1.0,0,0,0,0,0,0,0,0,0,0,0,normal
6,1,2,154,1,1,112,54,81.5,1,1,0,0,0,1.0727272727272728,1.0,2.0,81.5,1.0,2,0.0742912292480468,0.0,0.0,0.0269412994384765,0.0,1024.0,512.0,262144.0,1.0,0,0,0,0,0,0,0,0,0,0,0,normal
17,0,1,42,1,0,42,0,42.0,0,0,0,0,0,43.0,2.0,1.0,42.0,1.0,1,0.0128746032714843,0.0,0.0,0.0269412994384765,0.0,1024.0,512.0,262144.0,1.0,1,1,1,1,1,1,1,1,1,1,1,udp_scan
17,0,1,66,1,0,66,0,66.0,0,0,0,0,0,43.0,2.0,1.0,66.0,1.0,1,0.0128746032714843,0.0,0.0,0.0269412994384765,0.0,1024.0,512.0,262144.0,1.0,1,1,1,1,1,1,1,1,1,1,1,icmp_flood
6,0,2,112,1,1,58,54,56.0,1,1,1,0,0,1.0727272727272728,1.0,2.0,56.0,1.0,2,0.08767975701226247,0.0,0.0,0.0269412994384765,0.0,1024.0,512.0,262144.0,1.0,1,0,0,0,0,1,0,0,0,0,0,port_sweep
17,0,1,42,1,0,42,0,42.0,0,0,0,0,0,43.0,2.0,1.0,42.0,1.0,1,0.0128746032714843,0.0,0.0,0.0269412994384765,0.0,1024.0,512.0,262144.0,1.0,1,1,1,1,1,1,1,1,1,1,1,udp_scan
17,0,1,66,1,0,66,0,66.0,0,0,0,0,0,43.0,2.0,1.0,66.0,1.0,1,0.0128746032714843,0.0,0.0,0.0269412994384765,0.0,1024.0,512.0,262144.0,1.0,1,1,1,1,1,1,1,1,1,1,1,icmp_flood
6,0,2,112,1,1,58,54,56.0,1,1,1,0,0,1.0727272727272728,1.0,2.0,56.0,1.0,2,0.0131130218505859,0.0,0.0,0.0269412994384765,0.0,1024.0,512.0,262144.0,1.0,1,0,0,0,0,1,0,0,0,0,0,syn_scan
17,0,1,42,1,0,42,0,42.0,0,0,0,0,0,43.0,2.0,1.0,42.0,1.0,1,0.0128746032714843,0.0,0.0,0.0269412994384765,0.0,1024.0,512.0,262144.0,1.0,1,1,1,1,1,1,1,1,1,1,1,udp_scan
17,0,1,88,1,0,88,0,81.5,0,0,0,0,0,43.0,2.0,1.0,81.5,1.0,1,0.0128746032714843,0.0,0.0,0.0269412994384765,0.0,1024.0,512.0,262144.0,1.0,1,1,1,1,1,1,1,1,1,1,1,icmp_flood
6,0,2,112,1,1,58,54,56.0,1,1,1,0,0,1.0727272727272728,1.0,2.0,56.0,1.0,2,0.0100135803222656,0.0,0.0,0.0269412994384765,0.0,1024.0,512.0,262144.0,1.0,1,0,0,0,0,1,0,0,0,0,0,syn_scan
17,0,1,42,1,0,42,0,42.0,0,0,0,0,0,43.0,2.0,1.0,42.0,1.0,1,0.0128746032714843,0.0,0.0,0.0269412994384765,0.0,1024.0,512.0,262144.0,1.0,1,1,1,1,1,1,1,1,1,1,1,udp_scan
6,0,2,112,1,1,58,54,56.0,1,1,1,0,0,1.0727272727272728,1.0,2.0,56.0,1.0,2,0.0171661376953125,0.0,0.0,0.0269412994384765,0.0,1024.0,512.0,262144.0,1.0,1,0,0,0,0,1,0,0,0,0,0,syn_scan
17,0,2,154,1,1,98,54,81.5,0,0,0,0,0,1.0727272727272728,1.0,2.0,81.5,1.0,2,0.08767975701226247,0.0,0.0,0.0269412994384765,0.0,1024.0,512.0,262144.0,1.0,1,1,0,0,0,1,1,1,1,1,1,normal
17,0,1,42,1,0,42,0,42.0,0,0,0,0,0,43.0,2.0,1.0,42.0,1.0,1,0.0128746032714843,0.0,0.0,0.0269412994384765,0.0,1024.0,512.0,262144.0,1.0,1,1,1,1,1,1,1,1,1,1,1,udp_scan
17,0,1,42,1,0,42,0,42.0,0,0,0,0,0,43.0,2.0,1.0,42.0,1.0,1,0.0128746032714843,0.0,0.0,0.0269412994384765,0.0,1024.0,512.0,262144.0,1.0,1,1,1,1,1,1,1,1,1,1,1,udp_scan
17,0,1,42,1,0,42,0,42.0,0,0,0,0,0,43.0,2.0,1.0,42.0,1.0,1,0.0128746032714843,0.0,0.0,0.0269412994384765,0.0,1024.0,512.0,262144.0,1.0,1,1,1,1,1,1,1,1,1,1,1,udp_scan
17,0,1,66,1,0,66,0,66.0,0,0,0,0,0,43.0,2.0,1.0,66.0,1.0,1,0.0128746032714843,0.0,0.0,0.0269412994384765,0.0,1024.0,512.0,262144.0,1.0,1,1,1,1,1,1,1,1,1,1,1,icmp_flood
17,0,1,42,1,0,42,0,42.0,0,0,0,0,0,43.0,2.0,1.0,42.0,1.0,1,0.0128746032714843,0.0,0.0,0.0269412994384765,0.0,1024.0,512.0,262144.0,1.0,1,1,1,1,1,1,1,1,1,1,1,udp_scan
17,1,2,154,1,1,96,54,81.5,0,0,0,0,0,1.0727272727272728,1.0,2.0,81.5,1.0,2,0.08767975701226247,0.0,0.0,0.0269412994384765,0.0,1024.0,512.0,262144.0,1.0,0,1,0,0,0,1,1,1,1,1,1,normal
17,0,1,42,1,0,42,0,42.0,0,0,0,0,0,43.0,2.0,1.0,42.0,1.0,1,0.0128746032714843,0.0,0.0,0.0269412994384765,0.0,1024.0,512.0,262144.0,1.0,1,1,1,1,1,1,1,1,1,1,1,udp_scan
6,0,2,112,1,1,58,54,56.0,1,1,1,0,0,1.0727272727272728,1.0,2.0,56.0,1.0,2,0.0178813934326171,0.0,0.0,0.0269412994384765,0.0,1024.0,512.0,262144.0,1.0,1,0,0,0,0,1,0,0,0,0,0,syn_scan
17,0,1,88,1,0,88,0,81.5,0,0,0,0,0,43.0,2.0,1.0,81.5,1.0,1,0.0128746032714843,0.0,0.0,0.0269412994384765,0.0,1024.0,512.0,262144.0,1.0,1,1,1,1,1,1,1,1,1,1,1,icmp_flood
6,1,2,112,1,1,58,54,56.0,1,1,1,0,0,1.0727272727272728,1.0,2.0,56.0,1.0,2,0.08767975701226247,0.0,0.0,0.0269412994384765,0.0,1024.0,512.0,262144.0,1.0,0,0,0,0,0,1,0,0,0,0,0,port_sweep
6,0,2,112,1,1,58,54,56.0,1,1,1,0,0,1.0727272727272728,1.0,2.0,56.0,1.0,2,0.0119209289550781,0.0,0.0,0.0269412994384765,0.0,1024.0,512.0,262144.0,1.0,1,0,0,0,0,1,0,0,0,0,0,syn_scan
6,0,2,112,1,1,58,54,56.0,1,1,1,0,0,1.0727272727272728,1.0,2.0,56.0,1.0,2,0.0200271606445312,0.0,0.0,0.0269412994384765,0.0,1024.0,512.0,262144.0,1.0,1,0,0,0,0,1,0,0,0,0,0,syn_scan
6,0,2,112,1,1,58,54,56.0,1,1,1,0,0,1.0727272727272728,1.0,2.0,56.0,1.0,2,0.0109672546386718,0.0,0.0,0.0269412994384765,0.0,1024.0,512.0,262144.0,1.0,1,0,0,0,0,1,0,0,0,0,0,syn_scan
17,0,1,42,1,0,42,0,42.0,0,0,0,0,0,43.0,2.0,1.0,42.0,1.0,1,0.0128746032714843,0.0,0.0,0.0269412994384765,0.0,1024.0,512.0,262144.0,1.0,1,1,1,1,1,1,1,1,1,1,1,udp_scan
6,0,2,112,1,1,58,54,56.0,1,1,1,0,0,1.0727272727272728,1.0,2.0,56.0,1.0,2,0.0128746032714843,0.0,0.0,0.0269412994384765,0.0,1024.0,512.0,262144.0,1.0,1,0,0,0,0,1,0,0,0,0,0,syn_scan
17,0,1,42,1,0,42,0,42.0,0,0,0,0,0,43.0,2.0,1.0,42.0,1.0,1,0.0128746032714843,0.0,0.0,0.0269412994384765,0.0,1024.0,512.0,262144.0,1.0,1,1,1,1,1,1,1,1,1,1,1,udp_scan
6,0,2,112,1,1,58,54,56.0,1,1,1,0,0,1.0727272727272728,1.0,2.0,56.0,1.0,2,0.0090599060058593,0.0,0.0,0.0269412994384765,0.0,1024.0,512.0,262144.0,1.0,1,0,0,0,0,1,0,0,0,0,0,syn_scan
17,0,1,42,1,0,42,0,42.0,0,0,0,0,0,43.0,2.0,1.0,42.0,1.0,1,0.0128746032714843,0.0,0.0,0.0269412994384765,0.0,1024.0,512.0,262144.0,1.0,1,1,1,1,1,1,1,1,1,1,1,udp_scan
17,0,1,88,1,0,88,0,81.5,0,0,0,0,0,43.0,2.0,1.0,81.5,1.0,1,0.0128746032714843,0.0,0.0,0.0269412994384765,0.0,1024.0,512.0,262144.0,1.0,1,1,1,1,1,1,1,1,1,1,1,icmp_flood
6,0,2,112,1,1,58,54,56.0,1,1,1,0,0,1.0727272727272728,1.0,2.0,56.0,1.0,2,0.0128746032714843,0.0,0.0,0.0269412994384765,0.0,1024.0,512.0,262144.0,1.0,1,0,0,0,0,1,0,0,0,0,0,syn_scan
17,0,1,88,1,0,88,0,81.5,0,0,0,0,0,43.0,2.0,1.0,81.5,1.0,1,0.0128746032714843,0.0,0.0,0.0269412994384765,0.0,1024.0,512.0,262144.0,1.0,1,1,1,1,1,1,1,1,1,1,1,icmp_flood
17,0,1,66,1,0,66,0,66.0,0,0,0,0,0,43.0,2.0,1.0,66.0,1.0,1,0.0128746032714843,0.0,0.0,0.0269412994384765,0.0,1024.0,512.0,262144.0,1.0,1,1,1,1,1,1,1,1,1,1,1,icmp_flood
17,0,2,154,1,1,96,54,81.5,0,0,0,0,0,1.0727272727272728,1.0,2.0,81.5,1.0,2,0.08767975701226247,0.0,0.0,0.0269412994384765,0.0,1024.0,512.0,262144.0,1.0,1,1,0,0,0,1,1,1,1,1,1,normal
17,0,1,42,1,0,42,0,42.0,0,0,0,0,0,43.0,2.0,1.0,42.0,1.0,1,0.0128746032714843,0.0,0.0,0.0269412994384765,0.0,1024.0,512.0,262144.0,1.0,1,1,1,1,1,1,1,1,1,1,1,udp_scan
6,0,2,112,1,1,58,54,56.0,1,1,1,0,0,1.0727272727272728,1.0,2.0,56.0,1.0,2,0.0119209289550781,0.0,0.0,0.0269412994384765,0.0,1024.0,512.0,262144.0,1.0,1,0,0,0,0,1,0,0,0,0,0,syn_scan
6,0,2,112,1,1,58,54,56.0,1,1,1,0,0,1.0727272727272728,1.0,2.0,56.0,1.0,2,0.08767975701226247,0.0,0.0,0.0269412994384765,0.0,1024.0,512.0,262144.0,1.0,1,0,0,0,0,1,0,0,0,0,0,port_sweep
6,1,2,154,1,1,112,54,79.77777777777779,1,1,0,0,0,1.0727272727272728,1.0,1.0,79.77777777777777,1.0,2,0.08767975701226247,0.0,0.0,0.0269412994384765,0.0,1024.0,512.0,262144.0,1.0,0,0,0,0,0,0,0,0,0,0,0,normal
17,0,1,66,1,0,66,0,66.0,0,0,0,0,0,43.0,2.0,1.0,66.0,1.0,1,0.0128746032714843,0.0,0.0,0.0269412994384765,0.0,1024.0,512.0,262144.0,1.0,1,1,1,1,1,1,1,1,1,1,1,icmp_flood
6,1,2,154,1,1,112,54,81.5,1,1,0,0,0,43.0,1.051282051282051,2.0,81.5,1.0,2,0.0363108399626496,0.0,0.0,0.0269412994384765,0.0,1024.0,512.0,262144.0,1.0,0,0,0,0,0,0,0,0,0,0,0,normal
17,0,1,88,1,0,88,0,81.5,0,0,0,0,0,43.0,2.0,1.0,81.5,1.0,1,0.0128746032714843,0.0,0.0,0.0269412994384765,0.0,1024.0,512.0,262144.0,1.0,1,1,1,1,1,1,1,1,1,1,1,icmp_flood
17,0,1,66,1,0,66,0,66.0,0,0,0,0,0,43.0,2.0,1.0,66.0,1.0,1,0.0128746032714843,0.0,0.0,0.0269412994384765,0.0,1024.0,512.0,262144.0,1.0,1,1,1,1,1,1,1,1,1,1,1,icmp_flood
6,1,2,154,1,1,112,54,81.5,1,1,0,0,0,1.0727272727272728,1.4,2.0,81.5,1.0,2,0.0758965810139973,0.0,0.0,0.0269412994384765,0.0,1024.0,512.0,262144.0,1.0,0,0,0,0,0,0,0,0,0,0,0,normal
17,1,2,154,1,1,99,54,81.5,0,0,0,0,0,1.0727272727272728,1.0,2.0,81.5,1.0,2,0.08767975701226247,0.0,0.0,0.0269412994384765,0.0,1024.0,512.0,262144.0,1.0,0,1,0,0,0,1,1,1,1,1,1,normal
6,0,2,112,1,1,58,54,56.0,1,1,1,0,0,1.0727272727272728,1.0,2.0,56.0,1.0,2,0.0159740447998046,0.0,0.0,0.0269412994384765,0.0,1024.0,512.0,262144.0,1.0,1,0,0,0,0,1,0,0,0,0,0,syn_scan
17,0,2,154,1,1,99,54,81.5,0,0,0,0,0,1.0727272727272728,1.0,2.0,81.5,1.0,2,0.08767975701226247,0.0,0.0,0.0269412994384765,0.0,1024.0,512.0,262144.0,1.0,1,1,0,0,0,1,1,1,1,1,1,normal
6,1,2,154,1,1,112,54,81.5,1,1,0,0,0,1.1224105461393596,1.4,2.0,81.5,1.0,2,0.08767975701226247,0.0,0.0,0.0269412994384765,0.0,1024.0,512.0,262144.0,1.0,0,0,0,0,0,0,0,0,0,0,0,normal
6,0,2,112,1,1,58,54,56.0,1,1,1,0,0,1.0727272727272728,1.0,2.0,56.0,1.0,2,0.0078678131103515,0.0,0.0,0.0269412994384765,0.0,1024.0,512.0,262144.0,1.0,1,0,0,0,0,1,0,0,0,0,0,syn_scan
17,0,1,42,1,0,42,0,42.0,0,0,0,0,0,43.0,2.0,1.0,42.0,1.0,1,0.0128746032714843,0.0,0.0,0.0269412994384765,0.0,1024.0,512.0,262144.0,1.0,1,1,1,1,1,1,1,1,1,1,1,udp_scan
17,0,1,66,1,0,66,0,66.0,0,0,0,0,0,43.0,2.0,1.0,66.0,1.0,1,0.0128746032714843,0.0,0.0,0.0269412994384765,0.0,1024.0,512.0,262144.0,1.0,1,1,1,1,1,1,1,1,1,1,1,icmp_flood
6,0,2,112,1,1,58,54,56.0,1,1,1,0,0,1.0727272727272728,1.0,2.0,56.0,1.0,2,0.086069107055664,0.0,0.0,0.0269412994384765,0.0,1024.0,512.0,262144.0,1.0,1,0,0,0,0,1,0,0,0,0,0,port_sweep
6,0,2,112,1,1,58,54,56.0,1,1,1,0,0,1.0727272727272728,1.0,2.0,56.0,1.0,2,0.0128746032714843,0.0,0.0,0.0269412994384765,0.0,1024.0,512.0,262144.0,1.0,1,0,0,0,0,1,0,0,0,0,0,syn_scan
6,0,2,112,1,1,58,54,56.0,1,1,1,0,0,1.0727272727272728,1.0,2.0,56.0,1.0,2,0.0081062316894531,0.0,0.0,0.0269412994384765,0.0,1024.0,512.0,262144.0,1.0,1,0,0,0,0,1,0,0,0,0,0,syn_scan
17,0,1,66,1,0,66,0,66.0,0,0,0,0,0,43.0,2.0,1.0,66.0,1.0,1,0.0128746032714843,0.0,0.0,0.0269412994384765,0.0,1024.0,512.0,262144.0,1.0,1,1,1,1,1,1,1,1,1,1,1,icmp_flood
6,1,2,154,1,1,112,54,81.5,1,1,0,0,0,43.0,1.907692307692308,2.0,81.5,1.0,2,0.0290133158365885,0.0,0.0,0.0269412994384765,0.0,1024.0,512.0,262144.0,1.0,0,0,0,0,0,0,0,0,0,0,0,normal
17,0,1,66,1,0,66,0,66.0,0,0,0,0,0,43.0,2.0,1.0,66.0,1.0,1,0.0128746032714843,0.0,0.0,0.0269412994384765,0.0,1024.0,512.0,262144.0,1.0,1,1,1,1,1,1,1,1,1,1,1,icmp_flood
17,0,1,88,1,0,88,0,81.5,0,0,0,0,0,43.0,2.0,1.0,81.5,1.0,1,0.0128746032714843,0.0,0.0,0.0269412994384765,0.0,1024.0,512.0,262144.0,1.0,1,1,1,1,1,1,1,1,1,1,1,icmp_flood
17,0,1,42,1,0,42,0,42.0,0,0,0,0,0,43.0,2.0,1.0,42.0,1.0,1,0.0128746032714843,0.0,0.0,0.0269412994384765,0.0,1024.0,512.0,262144.0,1.0,1,1,1,1,1,1,1,1,1,1,1,udp_scan
17,0,1,42,1,0,42,0,42.0,0,0,0,0,0,43.0,2.0,1.0,42.0,1.0,1,0.0128746032714843,0.0,0.0,0.0269412994384765,0.0,1024.0,512.0,262144.0,1.0,1,1,1,1,1,1,1,1,1,1,1,udp_scan
17,0,1,66,1,0,66,0,66.0,0,0,0,0,0,43.0,2.0,1.0,66.0,1.0,1,0.0128746032714843,0.0,0.0,0.0269412994384765,0.0,1024.0,512.0,262144.0,1.0,1,1,1,1,1,1,1,1,1,1,1,icmp_flood
6,0,2,112,1,1,58,54,56.0,1,1,1,0,0,1.0727272727272728,1.0,2.0,56.0,1.0,2,0.0100135803222656,0.0,0.0,0.0269412994384765,0.0,1024.0,512.0,262144.0,1.0,1,0,0,0,0,1,0,0,0,0,0,syn_scan
17,0,1,42,1,0,42,0,42.0,0,0,0,0,0,43.0,2.0,1.0,42.0,1.0,1,0.0128746032714843,0.0,0.0,0.0269412994384765,0.0,1024.0,512.0,262144.0,1.0,1,1,1,1,1,1,1,1,1,1,1,udp_scan
17,0,1,88,1,0,88,0,81.5,0,0,0,0,0,43.0,2.0,1.0,81.5,1.0,1,0.0128746032714843,0.0,0.0,0.0269412994384765,0.0,1024.0,512.0,262144.0,1.0,1,1,1,1,1,1,1,1,1,1,1,icmp_flood
6,1,2,154,1,1,112,54,81.5,1,1,0,0,0,1.0727272727272728,1.4,2.0,81.5,1.0,2,0.08767975701226247,0.0,0.0,0.0269412994384765,0.0,1024.0,512.0,262144.0,1.0,0,0,0,0,0,0,0,0,0,0,0,normal
17,0,1,42,1,0,42,0,42.0,0,0,0,0,0,43.0,2.0,1.0,42.0,1.0,1,0.0128746032714843,0.0,0.0,0.0269412994384765,0.0,1024.0,512.0,262144.0,1.0,1,1,1,1,1,1,1,1,1,1,1,udp_scan
6,0,2,112,1,1,58,54,56.0,1,1,1,0,0,1.0727272727272728,1.0,2.0,56.0,1.0,2,0.0138282775878906,0.0,0.0,0.0269412994384765,0.0,1024.0,512.0,262144.0,1.0,1,0,0,0,0,1,0,0,0,0,0,syn_scan
17,0,1,66,1,0,66,0,66.0,0,0,0,0,0,43.0,2.0,1.0,66.0,1.0,1,0.0128746032714843,0.0,0.0,0.0269412994384765,0.0,1024.0,512.0,262144.0,1.0,1,1,1,1,1,1,1,1,1,1,1,icmp_flood
6,1,2,154,1,1,112,54,81.5,1,1,0,0,0,1.1205273069679849,1.4,2.0,81.5,1.0,2,0.08767975701226247,0.0,0.0,0.0269412994384765,0.0,1024.0,512.0,262144.0,1.0,0,0,0,0,0,0,0,0,0,0,0,normal
6,0,2,112,1,1,58,54,56.0,1,1,1,0,0,1.0727272727272728,1.0,2.0,56.0,1.0,2,0.0300407409667968,0.0,0.0,0.0269412994384765,0.0,1024.0,512.0,262144.0,1.0,1,0,0,0,0,1,0,0,0,0,0,port_sweep
17,0,1,88,1,0,88,0,81.5,0,0,0,0,0,43.0,2.0,1.0,81.5,1.0,1,0.0128746032714843,0.0,0.0,0.0269412994384765,0.0,1024.0,512.0,262144.0,1.0,1,1,1,1,1,1,1,1,1,1,1,icmp_flood
17,0,1,66,1,0,66,0,66.0,0,0,0,0,0,43.0,2.0,1.0,66.0,1.0,1,0.0128746032714843,0.0,0.0,0.0269412994384765,0.0,1024.0,512.0,262144.0,1.0,1,1,1,1,1,1,1,1,1,1,1,icmp_flood
17,0,1,42,1,0,42,0,42.0,0,0,0,0,0,43.0,2.0,1.0,42.0,1.0,1,0.0128746032714843,0.0,0.0,0.0269412994384765,0.0,1024.0,512.0,262144.0,1.0,1,1,1,1,1,1,1,1,1,1,1,udp_scan
6,1,2,154,1,1,112,54,81.5,1,1,0,0,0,43.0,1.05,2.0,81.5,1.0,2,0.0214425823356531,0.0,0.0,0.0269412994384765,0.0,1024.0,512.0,262144.0,1.0,0,0,0,0,0,0,0,0,0,0,0,normal
17,0,1,66,1,0,66,0,66.0,0,0,0,0,0,43.0,2.0,1.0,66.0,1.0,1,0.0128746032714843,0.0,0.0,0.0269412994384765,0.0,1024.0,512.0,262144.0,1.0,1,1,1,1,1,1,1,1,1,1,1,icmp_flood
6,1,2,154,1,1,112,54,81.5,1,1,0,0,0,1.0727272727272728,1.3333333333333333,2.0,81.5,1.0,2,0.08767975701226247,0.0,0.0,0.0269412994384765,0.0,1024.0,512.0,262144.0,1.0,0,0,0,0,0,0,0,0,0,0,0,normal
17,0,1,42,1,0,42,0,42.0,0,0,0,0,0,43.0,2.0,1.0,42.0,1.0,1,0.0128746032714843,0.0,0.0,0.0269412994384765,0.0,1024.0,512.0,262144.0,1.0,1,1,1,1,1,1,1,1,1,1,1,udp_scan
6,1,2,154,1,1,112,54,81.5,1,1,0,0,0,1.0727272727272728,1.3333333333333333,2.0,81.5,1.0,2,0.08767975701226247,0.0,0.0,0.0269412994384765,0.0,1024.0,512.0,262144.0,1.0,0,0,0,0,0,0,0,0,0,0,0,normal
6,1,2,154,1,1,112,54,81.5,1,1,0,0,0,1.0727272727272728,1.0,2.0,81.5,1.0,2,0.0699049717671162,0.0,0.0,0.0269412994384765,0.0,1024.0,512.0,262144.0,1.0,0,0,0,0,0,0,0,0,0,0,0,normal
6,0,2,154,1,1,112,54,56.66666666666666,1,1,1,0,0,1.915254237288136,1.5,2.0,56.66666666666666,1.0,2,0.012516975402832,0.0,0.0,0.0269412994384765,0.0,1024.0,512.0,262144.0,1.0,1,0,0,0,0,1,0,0,0,0,0,port_sweep
17,1,2,154,1,1,96,54,81.5,0,0,0,0,0,1.0727272727272728,1.0,1.0,81.5,1.0,2,0.08767975701226247,0.0,0.0,0.0269412994384765,0.0,1024.0,512.0,262144.0,1.0,0,1,0,0,0,1,1,1,1,1,1,normal
6,1,2,154,1,1,112,54,81.5,1,1,0,0,0,1.1224105461393596,1.4,2.0,81.5,1.0,2,0.08767975701226247,0.0,0.0,0.0269412994384765,0.0,1024.0,512.0,262144.0,1.0,0,0,0,0,0,0,0,0,0,0,0,normal
17,0,1,42,1,0,42,0,42.0,0,0,0,0,0,43.0,2.0,1.0,42.0,1.0,1,0.0128746032714843,0.0,0.0,0.0269412994384765,0.0,1024.0,512.0,262144.0,1.0,1,1,1,1,1,1,1,1,1,1,1,udp_scan
17,0,1,42,1,0,42,0,42.0,0,0,0,0,0,43.0,2.0,1.0,42.0,1.0,1,0.0128746032714843,0.0,0.0,0.0269412994384765,0.0,1024.0,512.0,262144.0,1.0,1,1,1,1,1,1,1,1,1,1,1,udp_scan
6,1,2,154,1,1,112,54,80.76190476190477,1,1,0,0,0,1.0727272727272728,1.0,1.0,80.76190476190476,1.0,2,0.08767975701226247,0.0,0.0,0.0269412994384765,0.0,1024.0,512.0,262144.0,1.0,0,0,0,0,0,0,0,0,0,0,0,normal
6,0,2,112,1,1,58,54,56.0,1,1,1,0,0,1.0727272727272728,1.0,2.0,56.0,1.0,2,0.0069141387939453,0.0,0.0,0.0269412994384765,0.0,1024.0,512.0,262144.0,1.0,1,0,0,0,0,1,0,0,0,0,0,port_sweep
17,0,1,42,1,0,42,0,42.0,0,0,0,0,0,43.0,2.0,1.0,42.0,1.0,1,0.0128746032714843,0.0,0.0,0.0269412994384765,0.0,1024.0,512.0,262144.0,1.0,1,1,1,1,1,1,1,1,1,1,1,udp_scan
17,0,1,42,1,0,42,0,42.0,0,0,0,0,0,43.0,2.0,1.0,42.0,1.0,1,0.0128746032714843,0.0,0.0,0.0269412994384765,0.0,1024.0,512.0,262144.0,1.0,1,1,1,1,1,1,1,1,1,1,1,udp_scan
17,1,2,154,1,1,99,54,81.5,0,0,0,0,0,1.0727272727272728,1.0,2.0,81.5,1.0,2,0.08767975701226247,0.0,0.0,0.0269412994384765,0.0,1024.0,512.0,262144.0,1.0,0,1,0,0,0,1,1,1,1,1,1,normal
6,0,2,112,1,1,58,54,56.0,1,1,1,0,0,1.0727272727272728,1.0,2.0,56.0,1.0,2,0.0181198120117187,0.0,0.0,0.0269412994384765,0.0,1024.0,512.0,262144.0,1.0,1,0,0,0,0,1,0,0,0,0,0,syn_scan
17,0,2,154,1,1,99,54,81.5,0,0,0,0,0,1.0727272727272728,1.0,2.0,81.5,1.0,2,0.08767975701226247,0.0,0.0,0.0269412994384765,0.0,1024.0,512.0,262144.0,1.0,1,1,0,0,0,1,1,1,1,1,1,normal
6,0,2,154,1,1,112,54,56.66666666666666,1,1,1,0,0,1.915254237288136,1.5,2.0,56.66666666666666,1.0,2,0.0414848327636718,0.0,0.0,0.0269412994384765,0.0,1024.0,512.0,262144.0,1.0,1,0,0,0,0,1,0,0,0,0,0,port_sweep
6,1,2,154,1,1,112,54,80.6904761904762,1,1,0,0,0,1.0727272727272728,1.0,1.0,80.69047619047619,1.0,2,0.08767975701226247,0.0,0.0,0.0269412994384765,0.0,1024.0,512.0,262144.0,1.0,0,0,0,0,0,0,0,0,0,0,0,normal
17,0,1,42,1,0,42,0,42.0,0,0,0,0,0,43.0,2.0,1.0,42.0,1.0,1,0.0128746032714843,0.0,0.0,0.0269412994384765,0.0,1024.0,512.0,262144.0,1.0,1,1,1,1,1,1,1,1,1,1,1,udp_scan
17,0,1,42,1,0,42,0,42.0,0,0,0,0,0,43.0,2.0,1.0,42.0,1.0,1,0.0128746032714843,0.0,0.0,0.0269412994384765,0.0,1024.0,512.0,262144.0,1.0,1,1,1,1,1,1,1,1,1,1,1,udp_scan
6,0,2,112,1,1,58,54,56.0,1,1,1,0,0,1.0727272727272728,1.0,2.0,56.0,1.0,2,0.0188350677490234,0.0,0.0,0.0269412994384765,0.0,1024.0,512.0,262144.0,1.0,1,0,0,0,0,1,0,0,0,0,0,syn_scan
6,1,2,154,1,1,112,54,81.5,1,1,0,0,0,43.0,1.05,2.0,81.5,1.0,2,0.0228610219834726,0.0,0.0,0.0269412994384765,0.0,1024.0,512.0,262144.0,1.0,0,0,0,0,0,0,0,0,0,0,0,normal
17,0,1,81,1,0,81,0,81.0,0,0,0,0,0,43.0,2.0,1.0,81.0,1.0,1,0.0128746032714843,0.0,0.0,0.0269412994384765,0.0,1024.0,512.0,262144.0,1.0,1,1,1,1,1,1,1,1,1,1,1,udp_scan
6,1,2,154,1,1,112,54,81.5,1,1,0,0,0,1.0727272727272728,1.4,2.0,81.5,1.0,2,0.08767975701226247,0.0,0.0,0.0269412994384765,0.0,1024.0,512.0,262144.0,1.0,0,0,0,0,0,0,0,0,0,0,0,normal
17,0,1,42,1,0,42,0,42.0,0,0,0,0,0,43.0,2.0,1.0,42.0,1.0,1,0.0128746032714843,0.0,0.0,0.0269412994384765,0.0,1024.0,512.0,262144.0,1.0,1,1,1,1,1,1,1,1,1,1,1,udp_scan
6,1,2,154,1,1,112,54,81.5,1,1,0,0,0,1.0727272727272728,1.3333333333333333,2.0,81.5,1.0,2,0.08767975701226247,0.0,0.0,0.0269412994384765,0.0,1024.0,512.0,262144.0,1.0,0,0,0,0,0,0,0,0,0,0,0,normal
6,0,2,112,1,1,58,54,56.0,1,1,1,0,0,1.0727272727272728,1.0,2.0,56.0,1.0,2,0.0150203704833984,0.0,0.0,0.0269412994384765,0.0,1024.0,512.0,262144.0,1.0,1,0,0,0,0,1,0,0,0,0,0,syn_scan
6,0,2,112,1,1,58,54,56.0,1,1,1,0,0,1.0727272727272728,1.0,2.0,56.0,1.0,2,0.0069141387939453,0.0,0.0,0.0269412994384765,0.0,1024.0,512.0,262144.0,1.0,1,0,0,0,0,1,0,0,0,0,0,port_sweep
17,0,2,154,1,1,96,54,81.5,0,0,0,0,0,1.0727272727272728,1.0,2.0,81.5,1.0,2,0.08767975701226247,0.0,0.0,0.0269412994384765,0.0,1024.0,512.0,262144.0,1.0,1,1,0,0,0,1,1,1,1,1,1,normal
6,0,2,112,1,1,58,54,56.0,1,1,1,0,0,1.0727272727272728,1.0,2.0,56.0,1.0,2,0.0088214874267578,0.0,0.0,0.0269412994384765,0.0,1024.0,512.0,262144.0,1.0,1,0,0,0,0,1,0,0,0,0,0,syn_scan
6,1,2,154,1,1,112,54,80.6904761904762,1,1,0,0,0,1.0727272727272728,1.0,1.0,80.69047619047619,1.0,2,0.08767975701226247,0.0,0.0,0.0269412994384765,0.0,1024.0,512.0,262144.0,1.0,0,0,0,0,0,0,0,0,0,0,0,normal
6,0,2,112,1,1,58,54,56.0,1,1,1,0,0,1.0727272727272728,1.0,2.0,56.0,1.0,2,0.0109672546386718,0.0,0.0,0.0269412994384765,0.0,1024.0,512.0,262144.0,1.0,1,0,0,0,0,1,0,0,0,0,0,syn_scan
6,0,2,112,1,1,58,54,56.0,1,1,1,0,0,1.0727272727272728,1.0,2.0,56.0,1.0,2,0.08767975701226247,0.0,0.0,0.0269412994384765,0.0,1024.0,512.0,262144.0,1.0,1,0,0,0,0,1,0,0,0,0,0,port_sweep
6,1,2,154,1,1,112,54,81.5,1,1,0,0,0,1.1205273069679849,1.4,2.0,81.5,1.0,2,0.08767975701226247,0.0,0.0,0.0269412994384765,0.0,1024.0,512.0,262144.0,1.0,0,0,0,0,0,0,0,0,0,0,0,normal
17,0,1,42,1,0,42,0,42.0,0,0,0,0,0,43.0,2.0,1.0,42.0,1.0,1,0.0128746032714843,0.0,0.0,0.0269412994384765,0.0,1024.0,512.0,262144.0,1.0,1,1,1,1,1,1,1,1,1,1,1,udp_scan
6,0,2,112,1,1,58,54,56.0,1,1,1,0,0,1.0727272727272728,1.0,2.0,56.0,1.0,2,0.0081062316894531,0.0,0.0,0.0269412994384765,0.0,1024.0,512.0,262144.0,1.0,1,0,0,0,0,1,0,0,0,0,0,syn_scan
6,0,2,112,1,1,58,54,56.0,1,1,1,0,0,1.0727272727272728,1.0,2.0,56.0,1.0,2,0.0181198120117187,0.0,0.0,0.0269412994384765,0.0,1024.0,512.0,262144.0,1.0,1,0,0,0,0,1,0,0,0,0,0,syn_scan
6,1,2,154,1,1,112,54,81.5,1,1,0,0,0,43.0,1.7362637362637363,2.0,81.5,1.0,2,0.0540890344759313,0.0,0.0,0.0269412994384765,0.0,1024.0,512.0,262144.0,1.0,0,0,0,0,0,0,0,0,0,0,0,normal
6,0,2,112,1,1,58,54,56.0,1,1,1,0,0,1.0727272727272728,1.0,2.0,56.0,1.0,2,0.0121593475341796,0.0,0.0,0.0269412994384765,0.0,1024.0,512.0,262144.0,1.0,1,0,0,0,0,1,0,0,0,0,0,syn_scan
6,0,2,112,1,1,58,54,56.0,1,1,1,0,0,1.0727272727272728,1.0,2.0,56.0,1.0,2,0.0679492950439453,0.0,0.0,0.0269412994384765,0.0,1024.0,512.0,262144.0,1.0,1,0,0,0,0,1,0,0,0,0,0,syn_scan
17,0,1,42,1,0,42,0,42.0,0,0,0,0,0,43.0,2.0,1.0,42.0,1.0,1,0.0128746032714843,0.0,0.0,0.0269412994384765,0.0,1024.0,512.0,262144.0,1.0,1,1,1,1,1,1,1,1,1,1,1,udp_scan
6,0,2,112,1,1,58,54,56.0,1,1,1,0,0,1.0727272727272728,1.0,2.0,56.0,1.0,2,0.0150203704833984,0.0,0.0,0.0269412994384765,0.0,1024.0,512.0,262144.0,1.0,1,0,0,0,0,1,0,0,0,0,0,syn_scan
6,0,2,112,1,1,58,54,56.0,1,1,1,0,0,1.0727272727272728,1.0,2.0,56.0,1.0,2,0.0119209289550781,0.0,0.0,0.0269412994384765,0.0,1024.0,512.0,262144.0,1.0,1,0,0,0,0,1,0,0,0,0,0,syn_scan
6,0,2,112,1,1,58,54,56.0,1,1,1,0,0,1.0727272727272728,1.0,2.0,56.0,1.0,2,0.0159740447998046,0.0,0.0,0.0269412994384765,0.0,1024.0,512.0,262144.0,1.0,1,0,0,0,0,1,0,0,0,0,0,syn_scan
6,0,2,112,1,1,58,54,56.0,1,1,1,0,0,1.0727272727272728,1.0,2.0,56.0,1.0,2,0.08767975701226247,0.0,0.0,0.0269412994384765,0.0,1024.0,512.0,262144.0,1.0,1,0,0,0,0,1,0,0,0,0,0,port_sweep
17,0,1,42,1,0,42,0,42.0,0,0,0,0,0,43.0,2.0,1.0,42.0,1.0,1,0.0128746032714843,0.0,0.0,0.0269412994384765,0.0,1024.0,512.0,262144.0,1.0,1,1,1,1,1,1,1,1,1,1,1,udp_scan
17,0,1,42,1,0,42,0,42.0,0,0,0,0,0,43.0,2.0,1.0,42.0,1.0,1,0.0128746032714843,0.0,0.0,0.0269412994384765,0.0,1024.0,512.0,262144.0,1.0,1,1,1,1,1,1,1,1,1,1,1,udp_scan
17,0,1,88,1,0,88,0,81.5,0,0,0,0,0,43.0,2.0,1.0,81.5,1.0,1,0.0128746032714843,0.0,0.0,0.0269412994384765,0.0,1024.0,512.0,262144.0,1.0,1,1,1,1,1,1,1,1,1,1,1,icmp_flood
6,0,2,112,1,1,58,54,56.0,1,1,1,0,0,1.0727272727272728,1.0,2.0,56.0,1.0,2,0.0269412994384765,0.0,0.0,0.0269412994384765,0.0,1024.0,512.0,262144.0,1.0,1,0,0,0,0,1,0,0,0,0,0,port_sweep
17,0,2,154,1,1,99,54,81.5,0,0,0,0,0,1.0727272727272728,1.0,2.0,81.5,1.0,2,0.08767975701226247,0.0,0.0,0.0269412994384765,0.0,1024.0,512.0,262144.0,1.0,1,1,0,0,0,1,1,1,1,1,1,normal
6,0,2,112,1,1,58,54,56.0,1,1,1,0,0,1.0727272727272728,1.0,2.0,56.0,1.0,2,0.0088214874267578,0.0,0.0,0.0269412994384765,0.0,1024.0,512.0,262144.0,1.0,1,0,0,0,0,1,0,0,0,0,0,syn_scan
17,0,1,42,1,0,42,0,42.0,0,0,0,0,0,43.0,2.0,1.0,42.0,1.0,1,0.0128746032714843,0.0,0.0,0.0269412994384765,0.0,1024.0,512.0,262144.0,1.0,1,1,1,1,1,1,1,1,1,1,1,udp_scan
6,0,2,112,1,1,58,54,56.0,1,1,1,0,0,1.0727272727272728,1.0,2.0,56.0,1.0,2,0.0069141387939453,0.0,0.0,0.0269412994384765,0.0,1024.0,512.0,262144.0,1.0,1,0,0,0,0,1,0,0,0,0,0,syn_scan
6,0,2,112,1,1,58,54,56.0,1,1,1,0,0,1.0727272727272728,1.0,2.0,56.0,1.0,2,0.0112056732177734,0.0,0.0,0.0269412994384765,0.0,1024.0,512.0,262144.0,1.0,1,0,0,0,0,1,0,0,0,0,0,syn_scan
17,0,1,66,1,0,66,0,66.0,0,0,0,0,0,43.0,2.0,1.0,66.0,1.0,1,0.0128746032714843,0.0,0.0,0.0269412994384765,0.0,1024.0,512.0,262144.0,1.0,1,1,1,1,1,1,1,1,1,1,1,icmp_flood
6,1,2,154,1,1,112,54,79.77777777777779,1,1,0,0,0,1.0727272727272728,1.0,1.0,79.77777777777777,1.0,2,0.08767975701226247,0.0,0.0,0.0269412994384765,0.0,1024.0,512.0,262144.0,1.0,0,0,0,0,0,0,0,0,0,0,0,normal
6,0,2,112,1,1,58,54,56.0,1,1,1,0,0,1.0727272727272728,1.0,2.0,56.0,1.0,2,0.0100135803222656,0.0,0.0,0.0269412994384765,0.0,1024.0,512.0,262144.0,1.0,1,0,0,0,0,1,0,0,0,0,0,syn_scan
17,0,1,42,1,0,42,0,42.0,0,0,0,0,0,43.0,2.0,1.0,42.0,1.0,1,0.0128746032714843,0.0,0.0,0.0269412994384765,0.0,1024.0,512.0,262144.0,1.0,1,1,1,1,1,1,1,1,1,1,1,udp_scan
17,0,1,88,1,0,88,0,81.5,0,0,0,0,0,43.0,2.0,1.0,81.5,1.0,1,0.0128746032714843,0.0,0.0,0.0269412994384765,0.0,1024.0,512.0,262144.0,1.0,1,1,1,1,1,1,1,1,1,1,1,icmp_flood
6,0,2,112,1,1,58,54,56.0,1,1,1,0,0,1.0727272727272728,1.0,2.0,56.0,1.0,2,0.0140666961669921,0.0,0.0,0.0269412994384765,0.0,1024.0,512.0,262144.0,1.0,1,0,0,0,0,1,0,0,0,0,0,syn_scan
17,0,1,42,1,0,42,0,42.0,0,0,0,0,0,43.0,2.0,1.0,42.0,1.0,1,0.0128746032714843,0.0,0.0,0.0269412994384765,0.0,1024.0,512.0,262144.0,1.0,1,1,1,1,1,1,1,1,1,1,1,udp_scan
6,0,2,112,1,1,58,54,56.0,1,1,1,0,0,1.0727272727272728,1.0,2.0,56.0,1.0,2,0.0090599060058593,0.0,0.0,0.0269412994384765,0.0,1024.0,512.0,262144.0,1.0,1,0,0,0,0,1,0,0,0,0,0,syn_scan
6,1,2,154,1,1,112,54,81.5,1,1,0,0,0,1.0727272727272728,1.0,2.0,81.5,1.0,2,0.08767975701226247,0.0,0.0,0.0269412994384765,0.0,1024.0,512.0,262144.0,1.0,0,0,0,0,0,0,0,0,0,0,0,normal
17,0,2,154,1,1,96,54,81.5,0,0,0,0,0,1.0727272727272728,1.0,2.0,81.5,1.0,2,0.08767975701226247,0.0,0.0,0.0269412994384765,0.0,1024.0,512.0,262144.0,1.0,1,1,0,0,0,1,1,1,1,1,1,normal
6,1,2,154,1,1,112,54,80.76190476190476,1,1,0,0,0,1.0727272727272728,1.0,1.0,80.76190476190476,1.0,2,0.08767975701226247,0.0,0.0,0.0269412994384765,0.0,1024.0,512.0,262144.0,1.0,0,0,0,0,0,0,0,0,0,0,0,normal
17,0,1,42,1,0,42,0,42.0,0,0,0,0,0,43.0,2.0,1.0,42.0,1.0,1,0.0128746032714843,0.0,0.0,0.0269412994384765,0.0,1024.0,512.0,262144.0,1.0,1,1,1,1,1,1,1,1,1,1,1,udp_scan
6,1,2,154,1,1,112,54,81.5,1,1,0,0,0,1.0727272727272728,1.0,2.0,81.5,1.0,2,0.08767975701226247,0.0,0.0,0.0269412994384765,0.0,1024.0,512.0,262144.0,1.0,0,0,0,0,0,0,0,0,0,0,0,normal
6,0,2,112,1,1,58,54,56.0,1,1,1,0,0,1.0727272727272728,1.0,2.0,56.0,1.0,2,0.0100135803222656,0.0,0.0,0.0269412994384765,0.0,1024.0,512.0,262144.0,1.0,1,0,0,0,0,1,0,0,0,0,0,syn_scan
17,0,1,88,1,0,88,0,81.5,0,0,0,0,0,43.0,2.0,1.0,81.5,1.0,1,0.0128746032714843,0.0,0.0,0.0269412994384765,0.0,1024.0,512.0,262144.0,1.0,1,1,1,1,1,1,1,1,1,1,1,icmp_flood
17,0,1,42,1,0,42,0,42.0,0,0,0,0,0,43.0,2.0,1.0,42.0,1.0,1,0.0128746032714843,0.0,0.0,0.0269412994384765,0.0,1024.0,512.0,262144.0,1.0,1,1,1,1,1,1,1,1,1,1,1,udp_scan
17,0,2,154,1,1,96,54,81.5,0,0,0,0,0,1.0727272727272728,1.0,2.0,81.5,1.0,2,0.08767975701226247,0.0,0.0,0.0269412994384765,0.0,1024.0,512.0,262144.0,1.0,1,1,0,0,0,1,1,1,1,1,1,normal
6,1,2,154,1,1,112,54,80.0909090909091,1,1,0,0,0,1.0727272727272728,1.0,1.0,80.0909090909091,1.0,2,0.08767975701226247,0.0,0.0,0.0269412994384765,0.0,1024.0,512.0,262144.0,1.0,0,0,0,0,0,0,0,0,0,0,0,normal
17,0,1,88,1,0,88,0,81.5,0,0,0,0,0,43.0,2.0,1.0,81.5,1.0,1,0.0128746032714843,0.0,0.0,0.0269412994384765,0.0,1024.0,512.0,262144.0,1.0,1,1,1,1,1,1,1,1,1,1,1,icmp_flood
17,0,1,42,1,0,42,0,42.0,0,0,0,0,0,43.0,2.0,1.0,42.0,1.0,1,0.0128746032714843,0.0,0.0,0.0269412994384765,0.0,1024.0,512.0,262144.0,1.0,1,1,1,1,1,1,1,1,1,1,1,udp_scan
6,1,2,154,1,1,112,54,81.5,1,1,0,0,0,1.0727272727272728,1.0,2.0,81.5,1.0,2,0.08767975701226247,0.0,0.0,0.0269412994384765,0.0,1024.0,512.0,262144.0,1.0,0,0,0,0,0,0,0,0,0,0,0,normal
17,0,1,42,1,0,42,0,42.0,0,0,0,0,0,43.0,2.0,1.0,42.0,1.0,1,0.0128746032714843,0.0,0.0,0.0269412994384765,0.0,1024.0,512.0,262144.0,1.0,1,1,1,1,1,1,1,1,1,1,1,udp_scan
6,0,2,112,1,1,58,54,56.0,1,1,1,0,0,1.0727272727272728,1.0,2.0,56.0,1.0,2,0.0171661376953125,0.0,0.0,0.0269412994384765,0.0,1024.0,512.0,262144.0,1.0,1,0,0,0,0,1,0,0,0,0,0,syn_scan
17,0,1,42,1,0,42,0,42.0,0,0,0,0,0,43.0,2.0,1.0,42.0,1.0,1,0.0128746032714843,0.0,0.0,0.0269412994384765,0.0,1024.0,512.0,262144.0,1.0,1,1,1,1,1,1,1,1,1,1,1,udp_scan
6,1,2,112,1,1,58,54,56.0,1,1,1,0,0,1.0727272727272728,1.0,2.0,56.0,1.0,2,0.08767975701226247,0.0,0.0,0.0269412994384765,0.0,1024.0,512.0,262144.0,1.0,0,0,0,0,0,1,0,0,0,0,0,port_sweep
6,0,2,112,1,1,58,54,56.0,1,1,1,0,0,1.0727272727272728,1.0,2.0,56.0,1.0,2,0.0090599060058593,0.0,0.0,0.0269412994384765,0.0,1024.0,512.0,262144.0,1.0,1,0,0,0,0,1,0,0,0,0,0,syn_scan
6,0,2,112,1,1,58,54,56.0,1,1,1,0,0,1.0727272727272728,1.0,2.0,56.0,1.0,2,0.0200271606445312,0.0,0.0,0.0269412994384765,0.0,1024.0,512.0,262144.0,1.0,1,0,0,0,0,1,0,0,0,0,0,syn_scan
6,0,2,112,1,1,58,54,56.0,1,1,1,0,0,1.0727272727272728,1.0,2.0,56.0,1.0,2,0.0109672546386718,0.0,0.0,0.0269412994384765,0.0,1024.0,512.0,262144.0,1.0,1,0,0,0,0,1,0,0,0,0,0,syn_scan
6,0,2,112,1,1,58,54,56.0,1,1,1,0,0,1.0727272727272728,1.0,2.0,56.0,1.0,2,0.08767975701226247,0.0,0.0,0.0269412994384765,0.0,1024.0,512.0,262144.0,1.0,1,0,0,0,0,1,0,0,0,0,0,port_sweep
6,1,2,154,1,1,112,54,81.5,1,1,0,0,0,1.0727272727272728,1.0,2.0,81.5,1.0,2,0.08767975701226247,0.0,0.0,0.0269412994384765,0.0,1024.0,512.0,262144.0,1.0,0,0,0,0,0,0,0,0,0,0,0,normal
6,1,2,154,1,1,112,54,81.5,1,1,0,0,0,1.1224105461393596,1.4,2.0,81.5,1.0,2,0.08767975701226247,0.0,0.0,0.0269412994384765,0.0,1024.0,512.0,262144.0,1.0,0,0,0,0,0,0,0,0,0,0,0,normal
6,1,2,154,1,1,112,54,81.5,1,1,0,0,0,1.1224105461393596,1.4,2.0,81.5,1.0,2,0.08767975701226247,0.0,0.0,0.0269412994384765,0.0,1024.0,512.0,262144.0,1.0,0,0,0,0,0,0,0,0,0,0,0,normal
6,1,2,112,1,1,58,54,56.0,1,1,1,0,0,1.0727272727272728,1.0,2.0,56.0,1.0,2,0.0162124633789062,0.0,0.0,0.0269412994384765,0.0,1024.0,512.0,262144.0,1.0,0,0,0,0,0,1,0,0,0,0,0,syn_scan
6,1,2,154,1,1,112,54,81.5,1,1,0,0,0,43.0,1.21875,2.0,81.5,1.0,2,0.0256896018981933,0.0,0.0,0.0269412994384765,0.0,1024.0,512.0,262144.0,1.0,0,0,0,0,0,0,0,0,0,0,0,normal
1,1,2,154,1,1,112,54,42.0,0,0,0,0,0,1.0727272727272728,1.0,2.0,42.0,1.0,2,0.0069141387939453,0.0,0.0,0.0269412994384765,0.0,1024.0,512.0,262144.0,1.0,0,1,0,0,0,1,1,1,1,1,1,icmp_flood
6,1,2,154,1,1,112,54,81.5,1,1,0,0,0,1.0727272727272728,1.0,2.0,81.5,1.0,2,0.0336541069878472,0.0,0.0,0.0269412994384765,0.0,1024.0,512.0,262144.0,1.0,0,0,0,0,0,0,0,0,0,0,0,normal
17,0,1,42,1,0,42,0,42.0,0,0,0,0,0,43.0,2.0,1.0,42.0,1.0,1,0.0128746032714843,0.0,0.0,0.0269412994384765,0.0,1024.0,512.0,262144.0,1.0,1,1,1,1,1,1,1,1,1,1,1,udp_scan
6,1,2,154,1,1,112,54,81.5,1,1,0,0,0,43.0,1.86013986013986,2.0,81.5,1.0,2,0.0228300470436735,0.0,0.0,0.0269412994384765,0.0,1024.0,512.0,262144.0,1.0,0,0,0,0,0,0,0,0,0,0,0,normal
6,1,2,112,1,1,58,54,56.0,1,1,1,0,0,1.0727272727272728,1.0,2.0,56.0,1.0,2,0.0131130218505859,0.0,0.0,0.0269412994384765,0.0,1024.0,512.0,262144.0,1.0,0,0,0,0,0,1,0,0,0,0,0,syn_scan
17,0,2,154,1,1,96,54,81.5,0,0,0,0,0,1.0727272727272728,1.0,2.0,81.5,1.0,2,0.08767975701226247,0.0,0.0,0.0269412994384765,0.0,1024.0,512.0,262144.0,1.0,1,1,0,0,0,1,1,1,1,1,1,normal
6,0,2,112,1,1,58,54,56.0,1,1,1,0,0,1.0727272727272728,1.0,2.0,56.0,1.0,2,0.0169277191162109,0.0,0.0,0.0269412994384765,0.0,1024.0,512.0,262144.0,1.0,1,0,0,0,0,1,0,0,0,0,0,syn_scan
6,1,2,154,1,1,112,54,81.5,1,1,0,0,0,1.0727272727272728,1.4,2.0,81.5,1.0,2,0.078439712524414,0.0,0.0,0.0269412994384765,0.0,1024.0,512.0,262144.0,1.0,0,0,0,0,0,0,0,0,0,0,0,normal
6,1,2,154,1,1,112,54,81.5,1,1,0,0,0,1.1205273069679849,1.4,2.0,81.5,1.0,2,0.08767975701226247,0.0,0.0,0.0269412994384765,0.0,1024.0,512.0,262144.0,1.0,0,0,0,0,0,0,0,0,0,0,0,normal
6,0,2,112,1,1,58,54,56.0,1,1,1,0,0,1.0727272727272728,1.0,2.0,56.0,1.0,2,0.0078678131103515,0.0,0.0,0.0269412994384765,0.0,1024.0,512.0,262144.0,1.0,1,0,0,0,0,1,0,0,0,0,0,syn_scan
6,0,2,112,1,1,58,54,56.0,1,1,1,0,0,1.0727272727272728,1.0,2.0,56.0,1.0,2,0.0078678131103515,0.0,0.0,0.0269412994384765,0.0,1024.0,512.0,262144.0,1.0,1,0,0,0,0,1,0,0,0,0,0,syn_scan
6,1,2,154,1,1,112,54,81.5,1,1,0,0,0,1.1224105461393596,1.4,2.0,81.5,1.0,2,0.08767975701226247,0.0,0.0,0.0269412994384765,0.0,1024.0,512.0,262144.0,1.0,0,0,0,0,0,0,0,0,0,0,0,normal
17,0,1,42,1,0,42,0,42.0,0,0,0,0,0,43.0,2.0,1.0,42.0,1.0,1,0.0128746032714843,0.0,0.0,0.0269412994384765,0.0,1024.0,512.0,262144.0,1.0,1,1,1,1,1,1,1,1,1,1,1,udp_scan
17,1,2,154,1,1,98,54,81.5,0,0,0,0,0,1.0727272727272728,1.0,2.0,81.5,1.0,2,0.08767975701226247,0.0,0.0,0.0269412994384765,0.0,1024.0,512.0,262144.0,1.0,0,1,0,0,0,1,1,1,1,1,1,normal
17,0,2,154,1,1,99,54,81.5,0,0,0,0,0,1.0727272727272728,1.0,2.0,81.5,1.0,2,0.08767975701226247,0.0,0.0,0.0269412994384765,0.0,1024.0,512.0,262144.0,1.0,1,1,0,0,0,1,1,1,1,1,1,normal
6,0,2,112,1,1,58,54,56.0,1,1,1,0,0,1.0727272727272728,1.0,2.0,56.0,1.0,2,0.0069141387939453,0.0,0.0,0.0269412994384765,0.0,1024.0,512.0,262144.0,1.0,1,0,0,0,0,1,0,0,0,0,0,port_sweep
6,0,2,112,1,1,58,54,56.0,1,1,1,0,0,1.0727272727272728,1.0,2.0,56.0,1.0,2,0.0159740447998046,0.0,0.0,0.0269412994384765,0.0,1024.0,512.0,262144.0,1.0,1,0,0,0,0,1,0,0,0,0,0,syn_scan
17,0,1,42,1,0,42,0,42.0,0,0,0,0,0,43.0,2.0,1.0,42.0,1.0,1,0.0128746032714843,0.0,0.0,0.0269412994384765,0.0,1024.0,512.0,262144.0,1.0,1,1,1,1,1,1,1,1,1,1,1,udp_scan
17,0,1,42,1,0,42,0,42.0,0,0,0,0,0,43.0,2.0,1.0,42.0,1.0,1,0.0128746032714843,0.0,0.0,0.0269412994384765,0.0,1024.0,512.0,262144.0,1.0,1,1,1,1,1,1,1,1,1,1,1,udp_scan
17,0,1,42,1,0,42,0,42.0,0,0,0,0,0,43.0,2.0,1.0,42.0,1.0,1,0.0128746032714843,0.0,0.0,0.0269412994384765,0.0,1024.0,512.0,262144.0,1.0,1,1,1,1,1,1,1,1,1,1,1,udp_scan
17,0,1,42,1,0,42,0,42.0,0,0,0,0,0,43.0,2.0,1.0,42.0,1.0,1,0.0128746032714843,0.0,0.0,0.0269412994384765,0.0,1024.0,512.0,262144.0,1.0,1,1,1,1,1,1,1,1,1,1,1,udp_scan
17,0,1,42,1,0,42,0,42.0,0,0,0,0,0,43.0,2.0,1.0,42.0,1.0,1,0.0128746032714843,0.0,0.0,0.0269412994384765,0.0,1024.0,512.0,262144.0,1.0,1,1,1,1,1,1,1,1,1,1,1,udp_scan
17,0,1,42,1,0,42,0,42.0,0,0,0,0,0,43.0,2.0,1.0,42.0,1.0,1,0.0128746032714843,0.0,0.0,0.0269412994384765,0.0,1024.0,512.0,262144.0,1.0,1,1,1,1,1,1,1,1,1,1,1,udp_scan
17,0,2,154,1,1,99,54,81.5,0,0,0,0,0,1.0727272727272728,1.0,2.0,81.5,1.0,2,0.08767975701226247,0.0,0.0,0.0269412994384765,0.0,1024.0,512.0,262144.0,1.0,1,1,0,0,0,1,1,1,1,1,1,normal
6,0,2,112,1,1,58,54,56.0,1,1,1,0,0,1.0727272727272728,1.0,2.0,56.0,1.0,2,0.0388622283935546,0.0,0.0,0.0269412994384765,0.0,1024.0,512.0,262144.0,1.0,1,0,0,0,0,1,0,0,0,0,0,syn_scan
6,0,2,112,1,1,58,54,56.0,1,1,1,0,0,1.0727272727272728,1.0,2.0,56.0,1.0,2,0.0579357147216796,0.0,0.0,0.0269412994384765,0.0,1024.0,512.0,262144.0,1.0,1,0,0,0,0,1,0,0,0,0,0,port_sweep
17,0,1,42,1,0,42,0,42.0,0,0,0,0,0,43.0,2.0,1.0,42.0,1.0,1,0.0128746032714843,0.0,0.0,0.0269412994384765,0.0,1024.0,512.0,262144.0,1.0,1,1,1,1,1,1,1,1,1,1,1,udp_scan
17,1,2,154,1,0,112,0,81.5,0,0,0,0,0,43.0,2.0,2.0,81.5,1.0,2,0.0305367367608206,0.0,0.0,0.0269412994384765,0.0,1024.0,512.0,262144.0,1.0,0,1,0,0,0,1,1,1,1,1,1,port_sweep
6,1,2,154,1,1,112,54,81.5,1,1,0,0,0,43.0,1.3448275862068966,2.0,81.5,1.0,2,0.0281554002028245,0.0,0.0,0.0269412994384765,0.0,1024.0,512.0,262144.0,1.0,0,0,0,0,0,0,0,0,0,0,0,normal
17,0,1,42,1,0,42,0,42.0,0,0,0,0,0,43.0,2.0,1.0,42.0,1.0,1,0.0128746032714843,0.0,0.0,0.0269412994384765,0.0,1024.0,512.0,262144.0,1.0,1,1,1,1,1,1,1,1,1,1,1,udp_scan
6,0,2,112,1,1,58,54,56.0,1,1,1,0,0,1.0727272727272728,1.0,2.0,56.0,1.0,2,0.0138282775878906,0.0,0.0,0.0269412994384765,0.0,1024.0,512.0,262144.0,1.0,1,0,0,0,0,1,0,0,0,0,0,syn_scan
6,0,2,112,1,1,58,54,56.0,1,1,1,0,0,1.0727272727272728,1.0,2.0,56.0,1.0,2,0.0081062316894531,0.0,0.0,0.0269412994384765,0.0,1024.0,512.0,262144.0,1.0,1,0,0,0,0,1,0,0,0,0,0,syn_scan
17,0,1,42,1,0,42,0,42.0,0,0,0,0,0,43.0,2.0,1.0,42.0,1.0,1,0.0128746032714843,0.0,0.0,0.0269412994384765,0.0,1024.0,512.0,262144.0,1.0,1,1,1,1,1,1,1,1,1,1,1,udp_scan
6,0,2,112,1,1,58,54,56.0,1,1,1,0,0,1.0727272727272728,1.0,2.0,56.0,1.0,2,0.0188350677490234,0.0,0.0,0.0269412994384765,0.0,1024.0,512.0,262144.0,1.0,1,0,0,0,0,1,0,0,0,0,0,syn_scan
17,0,1,42,1,0,42,0,42.0,0,0,0,0,0,43.0,2.0,1.0,42.0,1.0,1,0.0128746032714843,0.0,0.0,0.0269412994384765,0.0,1024.0,512.0,262144.0,1.0,1,1,1,1,1,1,1,1,1,1,1,udp_scan
6,0,2,112,1,1,58,54,56.0,1,1,1,0,0,1.0727272727272728,1.0,2.0,56.0,1.0,2,0.0090599060058593,0.0,0.0,0.0269412994384765,0.0,1024.0,512.0,262144.0,1.0,1,0,0,0,0,1,0,0,0,0,0,syn_scan
17,0,1,42,1,0,42,0,42.0,0,0,0,0,0,43.0,2.0,1.0,42.0,1.0,1,0.0128746032714843,0.0,0.0,0.0269412994384765,0.0,1024.0,512.0,262144.0,1.0,1,1,1,1,1,1,1,1,1,1,1,udp_scan
6,0,2,112,1,1,58,54,56.0,1,1,1,0,0,1.0727272727272728,1.0,2.0,56.0,1.0,2,0.0181198120117187,0.0,0.0,0.0269412994384765,0.0,1024.0,512.0,262144.0,1.0,1,0,0,0,0,1,0,0,0,0,0,syn_scan
6,1,2,154,1,1,112,54,80.1590909090909,1,1,0,0,0,1.0727272727272728,1.0,1.0,80.1590909090909,1.0,2,0.08767975701226247,0.0,0.0,0.0269412994384765,0.0,1024.0,512.0,262144.0,1.0,0,0,0,0,0,0,0,0,0,0,0,normal
6,1,2,154,1,1,112,54,81.5,1,1,0,0,0,1.0727272727272728,1.0769230769230769,2.0,81.5,1.0,2,0.06142258644104,0.0,0.0,0.0269412994384765,0.0,1024.0,512.0,262144.0,1.0,0,0,0,0,0,0,0,0,0,0,0,normal
6,0,2,112,1,1,58,54,56.0,1,1,1,0,0,1.0727272727272728,1.0,2.0,56.0,1.0,2,0.0069141387939453,0.0,0.0,0.0269412994384765,0.0,1024.0,512.0,262144.0,1.0,1,0,0,0,0,1,0,0,0,0,0,syn_scan
6,0,2,112,1,1,58,54,56.0,1,1,1,0,0,1.0727272727272728,1.0,2.0,56.0,1.0,2,0.0181198120117187,0.0,0.0,0.0269412994384765,0.0,1024.0,512.0,262144.0,1.0,1,0,0,0,0,1,0,0,0,0,0,syn_scan
6,0,2,112,1,1,58,54,56.0,1,1,1,0,0,1.0727272727272728,1.0,2.0,56.0,1.0,2,0.0159740447998046,0.0,0.0,0.0269412994384765,0.0,1024.0,512.0,262144.0,1.0,1,0,0,0,0,1,0,0,0,0,0,syn_scan
17,0,1,42,1,0,42,0,42.0,0,0,0,0,0,43.0,2.0,1.0,42.0,1.0,1,0.0128746032714843,0.0,0.0,0.0269412994384765,0.0,1024.0,512.0,262144.0,1.0,1,1,1,1,1,1,1,1,1,1,1,udp_scan
6,0,2,112,1,1,58,54,56.0,1,1,1,0,0,1.0727272727272728,1.0,2.0,56.0,1.0,2,0.0081062316894531,0.0,0.0,0.0269412994384765,0.0,1024.0,512.0,262144.0,1.0,1,0,0,0,0,1,0,0,0,0,0,syn_scan
6,0,2,112,1,1,58,54,56.0,1,1,1,0,0,1.0727272727272728,1.0,2.0,56.0,1.0,2,0.019073486328125,0.0,0.0,0.0269412994384765,0.0,1024.0,512.0,262144.0,1.0,1,0,0,0,0,1,0,0,0,0,0,syn_scan
17,0,1,42,1,0,42,0,42.0,0,0,0,0,0,43.0,2.0,1.0,42.0,1.0,1,0.0128746032714843,0.0,0.0,0.0269412994384765,0.0,1024.0,512.0,262144.0,1.0,1,1,1,1,1,1,1,1,1,1,1,udp_scan
6,1,2,154,1,1,112,54,80.15909090909092,1,1,0,0,0,1.0727272727272728,1.0,1.0,80.1590909090909,1.0,2,0.08767975701226247,0.0,0.0,0.0269412994384765,0.0,1024.0,512.0,262144.0,1.0,0,0,0,0,0,0,0,0,0,0,0,normal
6,0,2,154,1,1,112,54,81.5,1,1,0,0,0,1.1224105461393596,1.4,2.0,81.5,1.0,2,0.0754462348090277,0.0,0.0,0.0269412994384765,0.0,1024.0,512.0,262144.0,1.0,1,0,0,0,0,0,0,0,0,0,0,normal
6,0,2,112,1,1,58,54,56.0,1,1,1,0,0,1.0727272727272728,1.0,2.0,56.0,1.0,2,0.0619888305664062,0.0,0.0,0.0269412994384765,0.0,1024.0,512.0,262144.0,1.0,1,0,0,0,0,1,0,0,0,0,0,port_sweep
6,0,2,112,1,1,58,54,56.0,1,1,1,0,0,1.0727272727272728,1.0,2.0,56.0,1.0,2,0.0109672546386718,0.0,0.0,0.0269412994384765,0.0,1024.0,512.0,262144.0,1.0,1,0,0,0,0,1,0,0,0,0,0,syn_scan
6,0,2,112,1,1,58,54,56.0,1,1,1,0,0,1.0727272727272728,1.0,2.0,56.0,1.0,2,0.0100135803222656,0.0,0.0,0.0269412994384765,0.0,1024.0,512.0,262144.0,1.0,1,0,0,0,0,1,0,0,0,0,0,port_sweep
6,1,2,154,1,1,112,54,81.5,1,1,0,0,0,1.1224105461393596,1.4,2.0,81.5,1.0,2,0.08767975701226247,0.0,0.0,0.0269412994384765,0.0,1024.0,512.0,262144.0,1.0,0,0,0,0,0,0,0,0,0,0,0,normal
17,0,2,154,1,1,96,54,81.5,0,0,0,0,0,1.0727272727272728,1.0,2.0,81.5,1.0,2,0.08767975701226247,0.0,0.0,0.0269412994384765,0.0,1024.0,512.0,262144.0,1.0,1,1,0,0,0,1,1,1,1,1,1,normal
6,0,2,112,1,1,58,54,56.0,1,1,1,0,0,1.0727272727272728,1.0,2.0,56.0,1.0,2,0.0081062316894531,0.0,0.0,0.0269412994384765,0.0,1024.0,512.0,262144.0,1.0,1,0,0,0,0,1,0,0,0,0,0,syn_scan
6,0,2,112,1,1,58,54,56.0,1,1,1,0,0,1.0727272727272728,1.0,2.0,56.0,1.0,2,0.0591278076171875,0.0,0.0,0.0269412994384765,0.0,1024.0,512.0,262144.0,1.0,1,0,0,0,0,1,0,0,0,0,0,port_sweep
17,0,1,42,1,0,42,0,42.0,0,0,0,0,0,43.0,2.0,1.0,42.0,1.0,1,0.0128746032714843,0.0,0.0,0.0269412994384765,0.0,1024.0,512.0,262144.0,1.0,1,1,1,1,1,1,1,1,1,1,1,udp_scan
6,0,2,112,1,1,58,54,56.0,1,1,1,0,0,1.0727272727272728,1.0,2.0,56.0,1.0,2,0.0171661376953125,0.0,0.0,0.0269412994384765,0.0,1024.0,512.0,262144.0,1.0,1,0,0,0,0,1,0,0,0,0,0,syn_scan
6,1,2,154,1,1,112,54,81.5,1,1,0,0,0,43.0,2.0,2.0,81.5,1.0,2,0.0423361345664742,0.0,0.0,0.0269412994384765,0.0,1024.0,512.0,262144.0,1.0,0,0,0,0,0,0,0,0,0,0,0,normal
6,0,2,112,1,1,58,54,56.0,1,1,1,0,0,1.0727272727272728,1.0,2.0,56.0,1.0,2,0.0121593475341796,0.0,0.0,0.0269412994384765,0.0,1024.0,512.0,262144.0,1.0,1,0,0,0,0,1,0,0,0,0,0,syn_scan
17,0,1,42,1,0,42,0,42.0,0,0,0,0,0,43.0,2.0,1.0,42.0,1.0,1,0.0128746032714843,0.0,0.0,0.0269412994384765,0.0,1024.0,512.0,262144.0,1.0,1,1,1,1,1,1,1,1,1,1,1,udp_scan
17,0,2,154,1,1,99,54,81.5,0,0,0,0,0,1.0727272727272728,1.0,2.0,81.5,1.0,2,0.08767975701226247,0.0,0.0,0.0269412994384765,0.0,1024.0,512.0,262144.0,1.0,1,1,0,0,0,1,1,1,1,1,1,normal
17,0,1,42,1,0,42,0,42.0,0,0,0,0,0,43.0,2.0,1.0,42.0,1.0,1,0.0128746032714843,0.0,0.0,0.0269412994384765,0.0,1024.0,512.0,262144.0,1.0,1,1,1,1,1,1,1,1,1,1,1,udp_scan
6,0,2,112,1,1,58,54,56.0,1,1,1,0,0,1.0727272727272728,1.0,2.0,56.0,1.0,2,0.0081062316894531,0.0,0.0,0.0269412994384765,0.0,1024.0,512.0,262144.0,1.0,1,0,0,0,0,1,0,0,0,0,0,syn_scan
6,1,2,154,1,1,112,54,80.48837209302327,1,1,0,0,0,1.0727272727272728,1.0,1.0,80.48837209302326,1.0,2,0.08767975701226247,0.0,0.0,0.0269412994384765,0.0,1024.0,512.0,262144.0,1.0,0,0,0,0,0,0,0,0,0,0,0,normal
6,0,2,112,1,1,58,54,56.0,1,1,1,0,0,1.0727272727272728,1.0,2.0,56.0,1.0,2,0.0081062316894531,0.0,0.0,0.0269412994384765,0.0,1024.0,512.0,262144.0,1.0,1,0,0,0,0,1,0,0,0,0,0,syn_scan
17,0,1,88,1,0,88,0,81.5,0,0,0,0,0,43.0,2.0,1.0,81.5,1.0,1,0.0128746032714843,0.0,0.0,0.0269412994384765,0.0,1024.0,512.0,262144.0,1.0,1,1,1,1,1,1,1,1,1,1,1,icmp_flood
17,0,1,42,1,0,42,0,42.0,0,0,0,0,0,43.0,2.0,1.0,42.0,1.0,1,0.0128746032714843,0.0,0.0,0.0269412994384765,0.0,1024.0,512.0,262144.0,1.0,1,1,1,1,1,1,1,1,1,1,1,udp_scan
6,1,2,154,1,1,112,54,81.5,1,1,0,0,0,1.0727272727272728,1.3333333333333333,2.0,81.5,1.0,2,0.08767975701226247,0.0,0.0,0.0269412994384765,0.0,1024.0,512.0,262144.0,1.0,0,0,0,0,0,0,0,0,0,0,0,normal
6,0,2,112,1,1,58,54,56.0,1,1,1,0,0,1.0727272727272728,1.0,2.0,56.0,1.0,2,0.0090599060058593,0.0,0.0,0.0269412994384765,0.0,1024.0,512.0,262144.0,1.0,1,0,0,0,0,1,0,0,0,0,0,syn_scan
6,1,2,154,1,1,112,54,81.5,1,1,0,0,0,1.0727272727272728,1.018867924528302,2.0,81.5,1.0,2,0.08767975701226247,0.0,0.0,0.0269412994384765,0.0,1024.0,512.0,262144.0,1.0,0,0,0,0,0,0,0,0,0,0,0,normal
6,0,2,112,1,1,58,54,56.0,1,1,1,0,0,1.0727272727272728,1.0,2.0,56.0,1.0,2,0.0090599060058593,0.0,0.0,0.0269412994384765,0.0,1024.0,512.0,262144.0,1.0,1,0,0,0,0,1,0,0,0,0,0,syn_scan
6,1,2,154,1,1,112,54,81.5,1,1,0,0,0,43.0,1.1666666666666667,2.0,81.5,1.0,2,0.041052500406901,0.0,0.0,0.0269412994384765,0.0,1024.0,512.0,262144.0,1.0,0,0,0,0,0,0,0,0,0,0,0,normal
17,0,2,154,1,1,99,54,81.5,0,0,0,0,0,1.0727272727272728,1.0,2.0,81.5,1.0,2,0.08767975701226247,0.0,0.0,0.0269412994384765,0.0,1024.0,512.0,262144.0,1.0,1,1,0,0,0,1,1,1,1,1,1,normal
17,0,1,88,1,0,88,0,81.5,0,0,0,0,0,43.0,2.0,1.0,81.5,1.0,1,0.0128746032714843,0.0,0.0,0.0269412994384765,0.0,1024.0,512.0,262144.0,1.0,1,1,1,1,1,1,1,1,1,1,1,icmp_flood
17,0,1,66,1,0,66,0,66.0,0,0,0,0,0,43.0,2.0,1.0,66.0,1.0,1,0.0128746032714843,0.0,0.0,0.0269412994384765,0.0,1024.0,512.0,262144.0,1.0,1,1,1,1,1,1,1,1,1,1,1,icmp_flood
17,0,1,88,1,0,88,0,81.5,0,0,0,0,0,43.0,2.0,1.0,81.5,1.0,1,0.0128746032714843,0.0,0.0,0.0269412994384765,0.0,1024.0,512.0,262144.0,1.0,1,1,1,1,1,1,1,1,1,1,1,icmp_flood
6,1,2,154,1,1,112,54,81.5,1,1,0,0,0,1.0727272727272728,1.3333333333333333,2.0,81.5,1.0,2,0.08767975701226247,0.0,0.0,0.0269412994384765,0.0,1024.0,512.0,262144.0,1.0,0,0,0,0,0,0,0,0,0,0,0,normal
6,1,2,154,1,1,112,54,81.5,1,1,0,0,0,1.0727272727272728,1.4,2.0,81.5,1.0,2,0.08767975701226247,0.0,0.0,0.0269412994384765,0.0,1024.0,512.0,262144.0,1.0,0,0,0,0,0,0,0,0,0,0,0,normal
17,0,1,42,1,0,42,0,42.0,0,0,0,0,0,43.0,2.0,1.0,42.0,1.0,1,0.0128746032714843,0.0,0.0,0.0269412994384765,0.0,1024.0,512.0,262144.0,1.0,1,1,1,1,1,1,1,1,1,1,1,udp_scan
6,0,2,112,1,1,58,54,56.0,1,1,1,0,0,1.0727272727272728,1.0,2.0,56.0,1.0,2,0.0131130218505859,0.0,0.0,0.0269412994384765,0.0,1024.0,512.0,262144.0,1.0,1,0,0,0,0,1,0,0,0,0,0,syn_scan
6,0,2,112,1,1,58,54,56.0,1,1,1,0,0,1.0727272727272728,1.0,2.0,56.0,1.0,2,0.0531673431396484,0.0,0.0,0.0269412994384765,0.0,1024.0,512.0,262144.0,1.0,1,0,0,0,0,1,0,0,0,0,0,port_sweep
17,0,2,154,1,1,96,54,81.5,0,0,0,0,0,1.0727272727272728,1.0,2.0,81.5,1.0,2,0.08767975701226247,0.0,0.0,0.0269412994384765,0.0,1024.0,512.0,262144.0,1.0,1,1,0,0,0,1,1,1,1,1,1,normal
17,0,1,66,1,0,66,0,66.0,0,0,0,0,0,43.0,2.0,1.0,66.0,1.0,1,0.0128746032714843,0.0,0.0,0.0269412994384765,0.0,1024.0,512.0,262144.0,1.0,1,1,1,1,1,1,1,1,1,1,1,icmp_flood
6,0,2,112,1,1,58,54,56.0,1,1,1,0,0,1.0727272727272728,1.0,2.0,56.0,1.0,2,0.0100135803222656,0.0,0.0,0.0269412994384765,0.0,1024.0,512.0,262144.0,1.0,1,0,0,0,0,1,0,0,0,0,0,syn_scan
17,0,1,42,1,0,42,0,42.0,0,0,0,0,0,43.0,2.0,1.0,42.0,1.0,1,0.0128746032714843,0.0,0.0,0.0269412994384765,0.0,1024.0,512.0,262144.0,1.0,1,1,1,1,1,1,1,1,1,1,1,udp_scan
17,0,1,42,1,0,42,0,42.0,0,0,0,0,0,43.0,2.0,1.0,42.0,1.0,1,0.0128746032714843,0.0,0.0,0.0269412994384765,0.0,1024.0,512.0,262144.0,1.0,1,1,1,1,1,1,1,1,1,1,1,udp_scan
17,0,2,154,1,1,96,54,81.5,0,0,0,0,0,1.0727272727272728,1.0,2.0,81.5,1.0,2,0.08767975701226247,0.0,0.0,0.0269412994384765,0.0,1024.0,512.0,262144.0,1.0,1,1,0,0,0,1,1,1,1,1,1,normal
17,0,1,66,1,0,66,0,66.0,0,0,0,0,0,43.0,2.0,1.0,66.0,1.0,1,0.0128746032714843,0.0,0.0,0.0269412994384765,0.0,1024.0,512.0,262144.0,1.0,1,1,1,1,1,1,1,1,1,1,1,icmp_flood
17,0,1,42,1,0,42,0,42.0,0,0,0,0,0,43.0,2.0,1.0,42.0,1.0,1,0.0128746032714843,0.0,0.0,0.0269412994384765,0.0,1024.0,512.0,262144.0,1.0,1,1,1,1,1,1,1,1,1,1,1,udp_scan
6,0,2,112,1,1,58,54,56.0,1,1,1,0,0,1.0727272727272728,1.0,2.0,56.0,1.0,2,0.08767975701226247,0.0,0.0,0.0269412994384765,0.0,1024.0,512.0,262144.0,1.0,1,0,0,0,0,1,0,0,0,0,0,port_sweep
6,0,2,112,1,1,58,54,56.0,1,1,1,0,0,1.0727272727272728,1.0,2.0,56.0,1.0,2,0.0109672546386718,0.0,0.0,0.0269412994384765,0.0,1024.0,512.0,262144.0,1.0,1,0,0,0,0,1,0,0,0,0,0,syn_scan
6,0,2,112,1,1,58,54,56.0,1,1,1,0,0,1.0727272727272728,1.0,2.0,56.0,1.0,2,0.0181198120117187,0.0,0.0,0.0269412994384765,0.0,1024.0,512.0,262144.0,1.0,1,0,0,0,0,1,0,0,0,0,0,syn_scan
17,0,1,42,1,0,42,0,42.0,0,0,0,0,0,43.0,2.0,1.0,42.0,1.0,1,0.0128746032714843,0.0,0.0,0.0269412994384765,0.0,1024.0,512.0,262144.0,1.0,1,1,1,1,1,1,1,1,1,1,1,udp_scan
17,0,1,88,1,0,88,0,81.5,0,0,0,0,0,43.0,2.0,1.0,81.5,1.0,1,0.0128746032714843,0.0,0.0,0.0269412994384765,0.0,1024.0,512.0,262144.0,1.0,1,1,1,1,1,1,1,1,1,1,1,icmp_flood
6,0,2,112,1,1,58,54,56.0,1,1,1,0,0,1.0727272727272728,1.0,2.0,56.0,1.0,2,0.0078678131103515,0.0,0.0,0.0269412994384765,0.0,1024.0,512.0,262144.0,1.0,1,0,0,0,0,1,0,0,0,0,0,syn_scan
17,0,1,42,1,0,42,0,42.0,0,0,0,0,0,43.0,2.0,1.0,42.0,1.0,1,0.0128746032714843,0.0,0.0,0.0269412994384765,0.0,1024.0,512.0,262144.0,1.0,1,1,1,1,1,1,1,1,1,1,1,udp_scan
6,1,2,154,1,1,112,54,81.5,1,1,0,0,0,1.0727272727272728,1.4,2.0,81.5,1.0,2,0.08767975701226247,0.0,0.0,0.0269412994384765,0.0,1024.0,512.0,262144.0,1.0,0,0,0,0,0,0,0,0,0,0,0,normal
6,0,2,112,1,1,58,54,56.0,1,1,1,0,0,1.0727272727272728,1.0,2.0,56.0,1.0,2,0.0131130218505859,0.0,0.0,0.0269412994384765,0.0,1024.0,512.0,262144.0,1.0,1,0,0,0,0,1,0,0,0,0,0,port_sweep
17,0,1,42,1,0,42,0,42.0,0,0,0,0,0,43.0,2.0,1.0,42.0,1.0,1,0.0128746032714843,0.0,0.0,0.0269412994384765,0.0,1024.0,512.0,262144.0,1.0,1,1,1,1,1,1,1,1,1,1,1,udp_scan
6,0,2,112,1,1,58,54,56.0,1,1,1,0,0,1.0727272727272728,1.0,2.0,56.0,1.0,2,0.0581741333007812,0.0,0.0,0.0269412994384765,0.0,1024.0,512.0,262144.0,1.0,1,0,0,0,0,1,0,0,0,0,0,port_sweep
6,1,2,154,1,1,112,54,81.5,1,1,0,0,0,1.0727272727272728,1.4,2.0,81.5,1.0,2,0.08767975701226247,0.0,0.0,0.0269412994384765,0.0,1024.0,512.0,262144.0,1.0,0,0,0,0,0,0,0,0,0,0,0,normal
6,1,2,154,1,1,112,54,81.5,1,1,0,0,0,1.0727272727272728,1.4,2.0,81.5,1.0,2,0.08767975701226247,0.0,0.0,0.0269412994384765,0.0,1024.0,512.0,262144.0,1.0,0,0,0,0,0,0,0,0,0,0,0,normal
6,0,2,112,1,1,58,54,56.0,1,1,1,0,0,1.0727272727272728,1.0,2.0,56.0,1.0,2,0.0128746032714843,0.0,0.0,0.0269412994384765,0.0,1024.0,512.0,262144.0,1.0,1,0,0,0,0,1,0,0,0,0,0,syn_scan
1,1,2,154,1,0,112,0,81.5,0,0,0,0,0,43.0,2.0,1.0,81.5,1.0,2,0.08767975701226247,0.0,0.0,0.0269412994384765,0.0,1024.0,512.0,262144.0,1.0,0,1,0,0,0,1,1,1,1,1,1,port_sweep
6,1,2,154,1,1,112,54,81.5,1,1,0,0,0,1.0727272727272728,1.1428571428571428,2.0,81.5,1.0,2,0.0871817270914713,0.0,0.0,0.0269412994384765,0.0,1024.0,512.0,262144.0,1.0,0,0,0,0,0,0,0,0,0,0,0,normal
17,0,1,66,1,0,66,0,66.0,0,0,0,0,0,43.0,2.0,1.0,66.0,1.0,1,0.0128746032714843,0.0,0.0,0.0269412994384765,0.0,1024.0,512.0,262144.0,1.0,1,1,1,1,1,1,1,1,1,1,1,icmp_flood
17,0,1,88,1,0,88,0,81.5,0,0,0,0,0,43.0,2.0,1.0,81.5,1.0,1,0.0128746032714843,0.0,0.0,0.0269412994384765,0.0,1024.0,512.0,262144.0,1.0,1,1,1,1,1,1,1,1,1,1,1,icmp_flood
6,0,2,112,1,1,58,54,56.0,1,1,1,0,0,1.0727272727272728,1.0,2.0,56.0,1.0,2,0.0150203704833984,0.0,0.0,0.0269412994384765,0.0,1024.0,512.0,262144.0,1.0,1,0,0,0,0,1,0,0,0,0,0,syn_scan
6,0,2,112,1,1,58,54,56.0,1,1,1,0,0,1.0727272727272728,1.0,2.0,56.0,1.0,2,0.0069141387939453,0.0,0.0,0.0269412994384765,0.0,1024.0,512.0,262144.0,1.0,1,0,0,0,0,1,0,0,0,0,0,syn_scan
6,0,2,112,1,1,58,54,56.0,1,1,1,0,0,1.0727272727272728,1.0,2.0,56.0,1.0,2,0.08767975701226247,0.0,0.0,0.0269412994384765,0.0,1024.0,512.0,262144.0,1.0,1,0,0,0,0,1,0,0,0,0,0,port_sweep
17,0,1,42,1,0,42,0,42.0,0,0,0,0,0,43.0,2.0,1.0,42.0,1.0,1,0.0128746032714843,0.0,0.0,0.0269412994384765,0.0,1024.0,512.0,262144.0,1.0,1,1,1,1,1,1,1,1,1,1,1,udp_scan
17,0,1,66,1,0,66,0,66.0,0,0,0,0,0,43.0,2.0,1.0,66.0,1.0,1,0.0128746032714843,0.0,0.0,0.0269412994384765,0.0,1024.0,512.0,262144.0,1.0,1,1,1,1,1,1,1,1,1,1,1,icmp_flood
17,0,1,42,1,0,42,0,42.0,0,0,0,0,0,43.0,2.0,1.0,42.0,1.0,1,0.0128746032714843,0.0,0.0,0.0269412994384765,0.0,1024.0,512.0,262144.0,1.0,1,1,1,1,1,1,1,1,1,1,1,udp_scan
6,0,2,112,1,1,58,54,56.0,1,1,1,0,0,1.0727272727272728,1.0,2.0,56.0,1.0,2,0.0431537628173828,0.0,0.0,0.0269412994384765,0.0,1024.0,512.0,262144.0,1.0,1,0,0,0,0,1,0,0,0,0,0,port_sweep
6,0,2,112,1,1,58,54,56.0,1,1,1,0,0,1.0727272727272728,1.0,2.0,56.0,1.0,2,0.019073486328125,0.0,0.0,0.0269412994384765,0.0,1024.0,512.0,262144.0,1.0,1,0,0,0,0,1,0,0,0,0,0,syn_scan
6,0,2,112,1,1,58,54,56.0,1,1,1,0,0,1.0727272727272728,1.0,2.0,56.0,1.0,2,0.0209808349609375,0.0,0.0,0.0269412994384765,0.0,1024.0,512.0,262144.0,1.0,1,0,0,0,0,1,0,0,0,0,0,syn_scan
6,1,2,154,1,1,112,54,81.5,1,1,0,0,0,1.0727272727272728,1.4,2.0,81.5,1.0,2,0.08767975701226247,0.0,0.0,0.0269412994384765,0.0,1024.0,512.0,262144.0,1.0,0,0,0,0,0,0,0,0,0,0,0,normal
17,0,1,42,1,0,42,0,42.0,0,0,0,0,0,43.0,2.0,1.0,42.0,1.0,1,0.0128746032714843,0.0,0.0,0.0269412994384765,0.0,1024.0,512.0,262144.0,1.0,1,1,1,1,1,1,1,1,1,1,1,udp_scan
6,1,2,154,1,1,112,54,81.5,1,1,0,0,0,43.0,1.3103448275862069,2.0,81.5,1.0,2,0.08767975701226247,0.0,0.0,0.0269412994384765,0.0,1024.0,512.0,262144.0,1.0,0,0,0,0,0,0,0,0,0,0,0,normal
6,1,2,154,1,1,112,54,81.5,1,1,0,0,0,1.0727272727272728,1.4,2.0,81.5,1.0,2,0.08767975701226247,0.0,0.0,0.0269412994384765,0.0,1024.0,512.0,262144.0,1.0,0,0,0,0,0,0,0,0,0,0,0,normal
6,1,2,154,1,1,112,54,80.76190476190477,1,1,0,0,0,1.0727272727272728,1.0,1.0,80.76190476190476,1.0,2,0.08767975701226247,0.0,0.0,0.0269412994384765,0.0,1024.0,512.0,262144.0,1.0,0,0,0,0,0,0,0,0,0,0,0,normal
17,1,2,154,1,1,99,54,81.5,0,0,0,0,0,1.0727272727272728,1.0,2.0,81.5,1.0,2,0.08767975701226247,0.0,0.0,0.0269412994384765,0.0,1024.0,512.0,262144.0,1.0,0,1,0,0,0,1,1,1,1,1,1,normal
17,0,1,42,1,0,42,0,42.0,0,0,0,0,0,43.0,2.0,1.0,42.0,1.0,1,0.0128746032714843,0.0,0.0,0.0269412994384765,0.0,1024.0,512.0,262144.0,1.0,1,1,1,1,1,1,1,1,1,1,1,udp_scan
17,0,1,88,1,0,88,0,81.5,0,0,0,0,0,43.0,2.0,1.0,81.5,1.0,1,0.0128746032714843,0.0,0.0,0.0269412994384765,0.0,1024.0,512.0,262144.0,1.0,1,1,1,1,1,1,1,1,1,1,1,icmp_flood
6,0,2,112,1,1,58,54,56.0,1,1,1,0,0,1.0727272727272728,1.0,2.0,56.0,1.0,2,0.0109672546386718,0.0,0.0,0.0269412994384765,0.0,1024.0,512.0,262144.0,1.0,1,0,0,0,0,1,0,0,0,0,0,syn_scan
17,0,1,42,1,0,42,0,42.0,0,0,0,0,0,43.0,2.0,1.0,42.0,1.0,1,0.0128746032714843,0.0,0.0,0.0269412994384765,0.0,1024.0,512.0,262144.0,1.0,1,1,1,1,1,1,1,1,1,1,1,udp_scan
6,1,2,154,1,1,112,54,81.5,1,1,0,0,0,1.0727272727272728,1.0363636363636364,2.0,81.5,1.0,2,0.0490464201760948,0.0,0.0,0.0269412994384765,0.0,1024.0,512.0,262144.0,1.0,0,0,0,0,0,0,0,0,0,0,0,normal
6,0,2,112,1,1,58,54,56.0,1,1,1,0,0,1.0727272727272728,1.0,2.0,56.0,1.0,2,0.0147819519042968,0.0,0.0,0.0269412994384765,0.0,1024.0,512.0,262144.0,1.0,1,0,0,0,0,1,0,0,0,0,0,syn_scan
17,0,1,88,1,0,88,0,81.5,0,0,0,0,0,43.0,2.0,1.0,81.5,1.0,1,0.0128746032714843,0.0,0.0,0.0269412994384765,0.0,1024.0,512.0,262144.0,1.0,1,1,1,1,1,1,1,1,1,1,1,icmp_flood
6,1,2,154,1,1,112,54,81.5,1,1,0,0,0,1.0727272727272728,1.4,2.0,81.5,1.0,2,0.08767975701226247,0.0,0.0,0.0269412994384765,0.0,1024.0,512.0,262144.0,1.0,0,0,0,0,0,0,0,0,0,0,0,normal
17,0,1,88,1,0,88,0,81.5,0,0,0,0,0,43.0,2.0,1.0,81.5,1.0,1,0.0128746032714843,0.0,0.0,0.0269412994384765,0.0,1024.0,512.0,262144.0,1.0,1,1,1,1,1,1,1,1,1,1,1,icmp_flood
17,0,1,42,1,0,42,0,42.0,0,0,0,0,0,43.0,2.0,1.0,42.0,1.0,1,0.0128746032714843,0.0,0.0,0.0269412994384765,0.0,1024.0,512.0,262144.0,1.0,1,1,1,1,1,1,1,1,1,1,1,udp_scan
17,0,1,42,1,0,42,0,42.0,0,0,0,0,0,43.0,2.0,1.0,42.0,1.0,1,0.0128746032714843,0.0,0.0,0.0269412994384765,0.0,1024.0,512.0,262144.0,1.0,1,1,1,1,1,1,1,1,1,1,1,udp_scan
17,0,1,42,1,0,42,0,42.0,0,0,0,0,0,43.0,2.0,1.0,42.0,1.0,1,0.0128746032714843,0.0,0.0,0.0269412994384765,0.0,1024.0,512.0,262144.0,1.0,1,1,1,1,1,1,1,1,1,1,1,udp_scan
6,0,2,112,1,1,58,54,56.0,1,1,1,0,0,1.0727272727272728,1.0,2.0,56.0,1.0,2,0.0140666961669921,0.0,0.0,0.0269412994384765,0.0,1024.0,512.0,262144.0,1.0,1,0,0,0,0,1,0,0,0,0,0,port_sweep
6,0,2,112,1,1,58,54,56.0,1,1,1,0,0,1.0727272727272728,1.0,2.0,56.0,1.0,2,0.0181198120117187,0.0,0.0,0.0269412994384765,0.0,1024.0,512.0,262144.0,1.0,1,0,0,0,0,1,0,0,0,0,0,syn_scan
17,0,1,42,1,0,42,0,42.0,0,0,0,0,0,43.0,2.0,1.0,42.0,1.0,1,0.0128746032714843,0.0,0.0,0.0269412994384765,0.0,1024.0,512.0,262144.0,1.0,1,1,1,1,1,1,1,1,1,1,1,udp_scan
17,0,1,42,1,0,42,0,42.0,0,0,0,0,0,43.0,2.0,1.0,42.0,1.0,1,0.0128746032714843,0.0,0.0,0.0269412994384765,0.0,1024.0,512.0,262144.0,1.0,1,1,1,1,1,1,1,1,1,1,1,udp_scan
6,0,2,112,1,1,58,54,56.0,1,1,1,0,0,1.0727272727272728,1.0,2.0,56.0,1.0,2,0.0100135803222656,0.0,0.0,0.0269412994384765,0.0,1024.0,512.0,262144.0,1.0,1,0,0,0,0,1,0,0,0,0,0,syn_scan
6,0,2,112,1,1,58,54,56.0,1,1,1,0,0,1.0727272727272728,1.0,2.0,56.0,1.0,2,0.0081062316894531,0.0,0.0,0.0269412994384765,0.0,1024.0,512.0,262144.0,1.0,1,0,0,0,0,1,0,0,0,0,0,syn_scan
6,0,2,112,1,1,58,54,56.0,1,1,1,0,0,1.0727272727272728,1.0,2.0,56.0,1.0,2,0.08767975701226247,0.0,0.0,0.0269412994384765,0.0,1024.0,512.0,262144.0,1.0,1,0,0,0,0,1,0,0,0,0,0,port_sweep
6,0,2,112,1,1,58,54,56.0,1,1,1,0,0,1.0727272727272728,1.0,2.0,56.0,1.0,2,0.0331401824951171,0.0,0.0,0.0269412994384765,0.0,1024.0,512.0,262144.0,1.0,1,0,0,0,0,1,0,0,0,0,0,port_sweep
6,0,2,112,1,1,58,54,56.0,1,1,1,0,0,1.0727272727272728,1.0,2.0,56.0,1.0,2,0.0069141387939453,0.0,0.0,0.0269412994384765,0.0,1024.0,512.0,262144.0,1.0,1,0,0,0,0,1,0,0,0,0,0,syn_scan
17,0,1,42,1,0,42,0,42.0,0,0,0,0,0,43.0,2.0,1.0,42.0,1.0,1,0.0128746032714843,0.0,0.0,0.0269412994384765,0.0,1024.0,512.0,262144.0,1.0,1,1,1,1,1,1,1,1,1,1,1,udp_scan
6,0,2,112,1,1,58,54,56.0,1,1,1,0,0,1.0727272727272728,1.0,2.0,56.0,1.0,2,0.0100135803222656,0.0,0.0,0.0269412994384765,0.0,1024.0,512.0,262144.0,1.0,1,0,0,0,0,1,0,0,0,0,0,syn_scan
17,0,1,42,1,0,42,0,42.0,0,0,0,0,0,43.0,2.0,1.0,42.0,1.0,1,0.0128746032714843,0.0,0.0,0.0269412994384765,0.0,1024.0,512.0,262144.0,1.0,1,1,1,1,1,1,1,1,1,1,1,udp_scan
17,0,1,42,1,0,42,0,42.0,0,0,0,0,0,43.0,2.0,1.0,42.0,1.0,1,0.0128746032714843,0.0,0.0,0.0269412994384765,0.0,1024.0,512.0,262144.0,1.0,1,1,1,1,1,1,1,1,1,1,1,udp_scan
6,0,2,112,1,1,58,54,56.0,1,1,1,0,0,1.0727272727272728,1.0,2.0,56.0,1.0,2,0.0209808349609375,0.0,0.0,0.0269412994384765,0.0,1024.0,512.0,262144.0,1.0,1,0,0,0,0,1,0,0,0,0,0,syn_scan
6,0,2,112,1,1,58,54,56.0,1,1,1,0,0,1.0727272727272728,1.0,2.0,56.0,1.0,2,0.0078678131103515,0.0,0.0,0.0269412994384765,0.0,1024.0,512.0,262144.0,1.0,1,0,0,0,0,1,0,0,0,0,0,syn_scan
6,0,2,112,1,1,58,54,56.0,1,1,1,0,0,1.0727272727272728,1.0,2.0,56.0,1.0,2,0.0069141387939453,0.0,0.0,0.0269412994384765,0.0,1024.0,512.0,262144.0,1.0,1,0,0,0,0,1,0,0,0,0,0,syn_scan
6,0,2,112,1,1,58,54,56.0,1,1,1,0,0,1.0727272727272728,1.0,2.0,56.0,1.0,2,0.0150203704833984,0.0,0.0,0.0269412994384765,0.0,1024.0,512.0,262144.0,1.0,1,0,0,0,0,1,0,0,0,0,0,port_sweep
6,1,2,154,1,1,112,54,81.5,1,1,0,0,0,1.0727272727272728,1.0,2.0,81.5,1.0,2,0.0239679008532481,0.0,0.0,0.0269412994384765,0.0,1024.0,512.0,262144.0,1.0,0,0,0,0,0,0,0,0,0,0,0,normal
17,0,1,66,1,0,66,0,66.0,0,0,0,0,0,43.0,2.0,1.0,66.0,1.0,1,0.0128746032714843,0.0,0.0,0.0269412994384765,0.0,1024.0,512.0,262144.0,1.0,1,1,1,1,1,1,1,1,1,1,1,icmp_flood
6,0,2,112,1,1,58,54,56.0,1,1,1,0,0,1.0727272727272728,1.0,2.0,56.0,1.0,2,0.0069141387939453,0.0,0.0,0.0269412994384765,0.0,1024.0,512.0,262144.0,1.0,1,0,0,0,0,1,0,0,0,0,0,port_sweep
17,0,1,42,1,0,42,0,42.0,0,0,0,0,0,43.0,2.0,1.0,42.0,1.0,1,0.0128746032714843,0.0,0.0,0.0269412994384765,0.0,1024.0,512.0,262144.0,1.0,1,1,1,1,1,1,1,1,1,1,1,udp_scan
17,1,2,154,1,0,112,0,81.5,0,0,0,0,0,43.0,2.0,2.0,81.5,1.0,2,0.0501168625695364,0.0,0.0,0.0269412994384765,0.0,1024.0,512.0,262144.0,1.0,0,1,0,0,0,1,1,1,1,1,1,port_sweep
6,0,2,112,1,1,58,54,56.0,1,1,1,0,0,1.0727272727272728,1.0,2.0,56.0,1.0,2,0.0159740447998046,0.0,0.0,0.0269412994384765,0.0,1024.0,512.0,262144.0,1.0,1,0,0,0,0,1,0,0,0,0,0,syn_scan
6,0,2,112,1,1,58,54,56.0,1,1,1,0,0,1.0727272727272728,1.0,2.0,56.0,1.0,2,0.0150203704833984,0.0,0.0,0.0269412994384765,0.0,1024.0,512.0,262144.0,1.0,1,0,0,0,0,1,0,0,0,0,0,syn_scan
6,1,2,154,1,1,112,54,81.5,1,1,0,0,0,1.0727272727272728,1.3333333333333333,2.0,81.5,1.0,2,0.08767975701226247,0.0,0.0,0.0269412994384765,0.0,1024.0,512.0,262144.0,1.0,0,0,0,0,0,0,0,0,0,0,0,normal
17,0,1,66,1,0,66,0,66.0,0,0,0,0,0,43.0,2.0,1.0,66.0,1.0,1,0.0128746032714843,0.0,0.0,0.0269412994384765,0.0,1024.0,512.0,262144.0,1.0,1,1,1,1,1,1,1,1,1,1,1,icmp_flood
17,0,1,42,1,0,42,0,42.0,0,0,0,0,0,43.0,2.0,1.0,42.0,1.0,1,0.0128746032714843,0.0,0.0,0.0269412994384765,0.0,1024.0,512.0,262144.0,1.0,1,1,1,1,1,1,1,1,1,1,1,udp_scan
17,0,1,88,1,0,88,0,81.5,0,0,0,0,0,43.0,2.0,1.0,81.5,1.0,1,0.0128746032714843,0.0,0.0,0.0269412994384765,0.0,1024.0,512.0,262144.0,1.0,1,1,1,1,1,1,1,1,1,1,1,icmp_flood
17,0,1,42,1,0,42,0,42.0,0,0,0,0,0,43.0,2.0,1.0,42.0,1.0,1,0.0128746032714843,0.0,0.0,0.0269412994384765,0.0,1024.0,512.0,262144.0,1.0,1,1,1,1,1,1,1,1,1,1,1,udp_scan
17,0,1,42,1,0,42,0,42.0,0,0,0,0,0,43.0,2.0,1.0,42.0,1.0,1,0.0128746032714843,0.0,0.0,0.0269412994384765,0.0,1024.0,512.0,262144.0,1.0,1,1,1,1,1,1,1,1,1,1,1,udp_scan
17,0,1,66,1,0,66,0,66.0,0,0,0,0,0,43.0,2.0,1.0,66.0,1.0,1,0.0128746032714843,0.0,0.0,0.0269412994384765,0.0,1024.0,512.0,262144.0,1.0,1,1,1,1,1,1,1,1,1,1,1,icmp_flood
6,1,2,154,1,1,112,54,81.5,1,1,0,0,0,1.0727272727272728,1.3333333333333333,2.0,81.5,1.0,2,0.08767975701226247,0.0,0.0,0.0269412994384765,0.0,1024.0,512.0,262144.0,1.0,0,0,0,0,0,0,0,0,0,0,0,normal
17,1,2,154,1,0,112,0,81.5,0,0,0,0,0,43.0,2.0,2.0,81.5,1.0,2,0.047294156891959,0.0,0.0,0.0269412994384765,0.0,1024.0,512.0,262144.0,1.0,0,1,0,0,0,1,1,1,1,1,1,port_sweep
17,0,1,88,1,0,88,0,81.5,0,0,0,0,0,43.0,2.0,1.0,81.5,1.0,1,0.0128746032714843,0.0,0.0,0.0269412994384765,0.0,1024.0,512.0,262144.0,1.0,1,1,1,1,1,1,1,1,1,1,1,icmp_flood
6,0,2,112,1,1,58,54,56.0,1,1,1,0,0,1.0727272727272728,1.0,2.0,56.0,1.0,2,0.0090599060058593,0.0,0.0,0.0269412994384765,0.0,1024.0,512.0,262144.0,1.0,1,0,0,0,0,1,0,0,0,0,0,syn_scan
17,0,1,42,1,0,42,0,42.0,0,0,0,0,0,43.0,2.0,1.0,42.0,1.0,1,0.0128746032714843,0.0,0.0,0.0269412994384765,0.0,1024.0,512.0,262144.0,1.0,1,1,1,1,1,1,1,1,1,1,1,udp_scan
6,1,2,154,1,1,112,54,81.1219512195122,1,1,0,0,0,1.0727272727272728,1.0,1.0,81.1219512195122,1.0,2,0.08767975701226247,0.0,0.0,0.0269412994384765,0.0,1024.0,512.0,262144.0,1.0,0,0,0,0,0,0,0,0,0,0,0,normal
6,0,2,112,1,1,58,54,56.0,1,1,1,0,0,1.0727272727272728,1.0,2.0,56.0,1.0,2,0.0140666961669921,0.0,0.0,0.0269412994384765,0.0,1024.0,512.0,262144.0,1.0,1,0,0,0,0,1,0,0,0,0,0,syn_scan
17,0,1,42,1,0,42,0,42.0,0,0,0,0,0,43.0,2.0,1.0,42.0,1.0,1,0.0128746032714843,0.0,0.0,0.0269412994384765,0.0,1024.0,512.0,262144.0,1.0,1,1,1,1,1,1,1,1,1,1,1,udp_scan
17,0,1,88,1,0,88,0,81.5,0,0,0,0,0,43.0,2.0,1.0,81.5,1.0,1,0.0128746032714843,0.0,0.0,0.0269412994384765,0.0,1024.0,512.0,262144.0,1.0,1,1,1,1,1,1,1,1,1,1,1,icmp_flood
6,0,2,112,1,1,58,54,56.0,1,1,1,0,0,1.0727272727272728,1.0,2.0,56.0,1.0,2,0.0081062316894531,0.0,0.0,0.0269412994384765,0.0,1024.0,512.0,262144.0,1.0,1,0,0,0,0,1,0,0,0,0,0,syn_scan
6,0,2,112,1,1,58,54,56.0,1,1,1,0,0,1.0727272727272728,1.0,2.0,56.0,1.0,2,0.0121593475341796,0.0,0.0,0.0269412994384765,0.0,1024.0,512.0,262144.0,1.0,1,0,0,0,0,1,0,0,0,0,0,syn_scan
6,0,2,112,1,1,58,54,56.0,1,1,1,0,0,1.0727272727272728,1.0,2.0,56.0,1.0,2,0.0131130218505859,0.0,0.0,0.0269412994384765,0.0,1024.0,512.0,262144.0,1.0,1,0,0,0,0,1,0,0,0,0,0,syn_scan
17,0,1,66,1,0,66,0,66.0,0,0,0,0,0,43.0,2.0,1.0,66.0,1.0,1,0.0128746032714843,0.0,0.0,0.0269412994384765,0.0,1024.0,512.0,262144.0,1.0,1,1,1,1,1,1,1,1,1,1,1,icmp_flood
6,0,2,112,1,1,58,54,56.0,1,1,1,0,0,1.0727272727272728,1.0,2.0,56.0,1.0,2,0.0088214874267578,0.0,0.0,0.0269412994384765,0.0,1024.0,512.0,262144.0,1.0,1,0,0,0,0,1,0,0,0,0,0,syn_scan
6,1,2,154,1,1,112,54,81.5,1,1,0,0,0,1.0727272727272728,1.0,2.0,81.5,1.0,2,0.0364627593602889,0.0,0.0,0.0269412994384765,0.0,1024.0,512.0,262144.0,1.0,0,0,0,0,0,0,0,0,0,0,0,normal
17,0,1,42,1,0,42,0,42.0,0,0,0,0,0,43.0,2.0,1.0,42.0,1.0,1,0.0128746032714843,0.0,0.0,0.0269412994384765,0.0,1024.0,512.0,262144.0,1.0,1,1,1,1,1,1,1,1,1,1,1,udp_scan
6,1,2,112,1,1,58,54,56.0,1,1,1,0,0,1.0727272727272728,1.0,2.0,56.0,1.0,2,0.0078678131103515,0.0,0.0,0.0269412994384765,0.0,1024.0,512.0,262144.0,1.0,0,0,0,0,0,1,0,0,0,0,0,syn_scan
6,1,2,154,1,1,112,54,81.5,1,1,0,0,0,1.11864406779661,1.4,2.0,81.5,1.0,2,0.08767975701226247,0.0,0.0,0.0269412994384765,0.0,1024.0,512.0,262144.0,1.0,0,0,0,0,0,0,0,0,0,0,0,normal
6,0,2,112,1,1,58,54,56.0,1,1,1,0,0,1.0727272727272728,1.0,2.0,56.0,1.0,2,0.0119209289550781,0.0,0.0,0.0269412994384765,0.0,1024.0,512.0,262144.0,1.0,1,0,0,0,0,1,0,0,0,0,0,syn_scan
17,0,1,42,1,0,42,0,42.0,0,0,0,0,0,43.0,2.0,1.0,42.0,1.0,1,0.0128746032714843,0.0,0.0,0.0269412994384765,0.0,1024.0,512.0,262144.0,1.0,1,1,1,1,1,1,1,1,1,1,1,udp_scan
6,1,2,154,1,1,112,54,81.5,1,1,0,0,0,1.0727272727272728,1.4,2.0,81.5,1.0,2,0.08767975701226247,0.0,0.0,0.0269412994384765,0.0,1024.0,512.0,262144.0,1.0,0,0,0,0,0,0,0,0,0,0,0,normal
6,0,2,112,1,1,58,54,56.0,1,1,1,0,0,1.0727272727272728,1.0,2.0,56.0,1.0,2,0.0159740447998046,0.0,0.0,0.0269412994384765,0.0,1024.0,512.0,262144.0,1.0,1,0,0,0,0,1,0,0,0,0,0,syn_scan
17,0,1,42,1,0,42,0,42.0,0,0,0,0,0,43.0,2.0,1.0,42.0,1.0,1,0.0128746032714843,0.0,0.0,0.0269412994384765,0.0,1024.0,512.0,262144.0,1.0,1,1,1,1,1,1,1,1,1,1,1,udp_scan
6,0,2,112,1,1,58,54,56.0,1,1,1,0,0,1.0727272727272728,1.0,2.0,56.0,1.0,2,0.0200271606445312,0.0,0.0,0.0269412994384765,0.0,1024.0,512.0,262144.0,1.0,1,0,0,0,0,1,0,0,0,0,0,syn_scan
6,0,2,112,1,1,58,54,56.0,1,1,1,0,0,1.0727272727272728,1.0,2.0,56.0,1.0,2,0.0169277191162109,0.0,0.0,0.0269412994384765,0.0,1024.0,512.0,262144.0,1.0,1,0,0,0,0,1,0,0,0,0,0,syn_scan
17,0,1,88,1,0,88,0,81.5,0,0,0,0,0,43.0,2.0,1.0,81.5,1.0,1,0.0128746032714843,0.0,0.0,0.0269412994384765,0.0,1024.0,512.0,262144.0,1.0,1,1,1,1,1,1,1,1,1,1,1,icmp_flood
17,0,1,42,1,0,42,0,42.0,0,0,0,0,0,43.0,2.0,1.0,42.0,1.0,1,0.0128746032714843,0.0,0.0,0.0269412994384765,0.0,1024.0,512.0,262144.0,1.0,1,1,1,1,1,1,1,1,1,1,1,udp_scan
17,0,1,88,1,0,88,0,81.5,0,0,0,0,0,43.0,2.0,1.0,81.5,1.0,1,0.0128746032714843,0.0,0.0,0.0269412994384765,0.0,1024.0,512.0,262144.0,1.0,1,1,1,1,1,1,1,1,1,1,1,icmp_flood
17,0,1,42,1,0,42,0,42.0,0,0,0,0,0,43.0,2.0,1.0,42.0,1.0,1,0.0128746032714843,0.0,0.0,0.0269412994384765,0.0,1024.0,512.0,262144.0,1.0,1,1,1,1,1,1,1,1,1,1,1,udp_scan
6,1,2,154,1,1,112,54,81.5,1,1,0,0,0,43.0,1.4642857142857142,2.0,81.5,1.0,2,0.0304092060435902,0.0,0.0,0.0269412994384765,0.0,1024.0,512.0,262144.0,1.0,0,0,0,0,0,0,0,0,0,0,0,normal
17,0,1,42,1,0,42,0,42.0,0,0,0,0,0,43.0,2.0,1.0,42.0,1.0,1,0.0128746032714843,0.0,0.0,0.0269412994384765,0.0,1024.0,512.0,262144.0,1.0,1,1,1,1,1,1,1,1,1,1,1,udp_scan
6,1,2,154,1,1,112,54,81.5,1,1,0,0,0,43.0,1.051282051282051,2.0,81.5,1.0,2,0.0315455647258015,0.0,0.0,0.0269412994384765,0.0,1024.0,512.0,262144.0,1.0,0,0,0,0,0,0,0,0,0,0,0,normal
17,0,1,42,1,0,42,0,42.0,0,0,0,0,0,43.0,2.0,1.0,42.0,1.0,1,0.0128746032714843,0.0,0.0,0.0269412994384765,0.0,1024.0,512.0,262144.0,1.0,1,1,1,1,1,1,1,1,1,1,1,udp_scan
17,1,2,154,1,1,96,54,81.5,0,0,0,0,0,1.0727272727272728,1.0,2.0,81.5,1.0,2,0.08767975701226247,0.0,0.0,0.0269412994384765,0.0,1024.0,512.0,262144.0,1.0,0,1,0,0,0,1,1,1,1,1,1,normal
6,1,2,154,1,1,112,54,81.5,1,1,0,0,0,1.0727272727272728,1.4,2.0,81.5,1.0,2,0.08767975701226247,0.0,0.0,0.0269412994384765,0.0,1024.0,512.0,262144.0,1.0,0,0,0,0,0,0,0,0,0,0,0,normal
17,0,1,88,1,0,88,0,81.5,0,0,0,0,0,43.0,2.0,1.0,81.5,1.0,1,0.0128746032714843,0.0,0.0,0.0269412994384765,0.0,1024.0,512.0,262144.0,1.0,1,1,1,1,1,1,1,1,1,1,1,icmp_flood
17,0,1,88,1,0,88,0,81.5,0,0,0,0,0,43.0,2.0,1.0,81.5,1.0,1,0.0128746032714843,0.0,0.0,0.0269412994384765,0.0,1024.0,512.0,262144.0,1.0,1,1,1,1,1,1,1,1,1,1,1,icmp_flood
6,0,2,112,1,1,58,54,56.0,1,1,1,0,0,1.0727272727272728,1.0,2.0,56.0,1.0,2,0.0081062316894531,0.0,0.0,0.0269412994384765,0.0,1024.0,512.0,262144.0,1.0,1,0,0,0,0,1,0,0,0,0,0,syn_scan
6,0,2,112,1,1,58,54,56.0,1,1,1,0,0,1.0727272727272728,1.0,2.0,56.0,1.0,2,0.0119209289550781,0.0,0.0,0.0269412994384765,0.0,1024.0,512.0,262144.0,1.0,1,0,0,0,0,1,0,0,0,0,0,syn_scan
6,0,2,112,1,1,58,54,56.0,1,1,1,0,0,1.0727272727272728,1.0,2.0,56.0,1.0,2,0.0112056732177734,0.0,0.0,0.0269412994384765,0.0,1024.0,512.0,262144.0,1.0,1,0,0,0,0,1,0,0,0,0,0,syn_scan
17,0,1,66,1,0,66,0,66.0,0,0,0,0,0,43.0,2.0,1.0,66.0,1.0,1,0.0128746032714843,0.0,0.0,0.0269412994384765,0.0,1024.0,512.0,262144.0,1.0,1,1,1,1,1,1,1,1,1,1,1,icmp_flood
6,0,2,112,1,1,58,54,56.0,1,1,1,0,0,1.0727272727272728,1.0,2.0,56.0,1.0,2,0.0100135803222656,0.0,0.0,0.0269412994384765,0.0,1024.0,512.0,262144.0,1.0,1,0,0,0,0,1,0,0,0,0,0,syn_scan
17,0,1,42,1,0,42,0,42.0,0,0,0,0,0,43.0,2.0,1.0,42.0,1.0,1,0.0128746032714843,0.0,0.0,0.0269412994384765,0.0,1024.0,512.0,262144.0,1.0,1,1,1,1,1,1,1,1,1,1,1,udp_scan
17,0,2,154,1,1,96,54,81.5,0,0,0,0,0,1.0727272727272728,1.0,2.0,81.5,1.0,2,0.08767975701226247,0.0,0.0,0.0269412994384765,0.0,1024.0,512.0,262144.0,1.0,1,1,0,0,0,1,1,1,1,1,1,normal
6,0,2,112,1,1,58,54,56.0,1,1,1,0,0,1.0727272727272728,1.0,2.0,56.0,1.0,2,0.0081062316894531,0.0,0.0,0.0269412994384765,0.0,1024.0,512.0,262144.0,1.0,1,0,0,0,0,1,0,0,0,0,0,syn_scan
17,0,1,42,1,0,42,0,42.0,0,0,0,0,0,43.0,2.0,1.0,42.0,1.0,1,0.0128746032714843,0.0,0.0,0.0269412994384765,0.0,1024.0,512.0,262144.0,1.0,1,1,1,1,1,1,1,1,1,1,1,udp_scan
17,1,2,154,1,0,112,0,81.5,0,0,0,0,0,43.0,2.0,2.0,81.5,1.0,2,0.0479285206113542,0.0,0.0,0.0269412994384765,0.0,1024.0,512.0,262144.0,1.0,0,1,0,0,0,1,1,1,1,1,1,port_sweep
17,0,1,42,1,0,42,0,42.0,0,0,0,0,0,43.0,2.0,1.0,42.0,1.0,1,0.0128746032714843,0.0,0.0,0.0269412994384765,0.0,1024.0,512.0,262144.0,1.0,1,1,1,1,1,1,1,1,1,1,1,udp_scan
6,0,2,112,1,1,58,54,56.0,1,1,1,0,0,1.0727272727272728,1.0,2.0,56.0,1.0,2,0.0119209289550781,0.0,0.0,0.0269412994384765,0.0,1024.0,512.0,262144.0,1.0,1,0,0,0,0,1,0,0,0,0,0,syn_scan
17,0,1,42,1,0,42,0,42.0,0,0,0,0,0,43.0,2.0,1.0,42.0,1.0,1,0.0128746032714843,0.0,0.0,0.0269412994384765,0.0,1024.0,512.0,262144.0,1.0,1,1,1,1,1,1,1,1,1,1,1,udp_scan
6,0,2,112,1,1,58,54,56.0,1,1,1,0,0,1.0727272727272728,1.0,2.0,56.0,1.0,2,0.0181198120117187,0.0,0.0,0.0269412994384765,0.0,1024.0,512.0,262144.0,1.0,1,0,0,0,0,1,0,0,0,0,0,syn_scan
6,0,2,112,1,1,58,54,56.0,1,1,1,0,0,1.0727272727272728,1.0,2.0,56.0,1.0,2,0.0081062316894531,0.0,0.0,0.0269412994384765,0.0,1024.0,512.0,262144.0,1.0,1,0,0,0,0,1,0,0,0,0,0,syn_scan
6,0,2,112,1,1,58,54,56.0,1,1,1,0,0,1.0727272727272728,1.0,2.0,56.0,1.0,2,0.0109672546386718,0.0,0.0,0.0269412994384765,0.0,1024.0,512.0,262144.0,1.0,1,0,0,0,0,1,0,0,0,0,0,syn_scan
58,0,1,150,1,0,112,0,81.5,0,0,0,0,0,43.0,2.0,1.0,81.5,1.0,1,0.0128746032714843,0.0,0.0,0.0269412994384765,0.0,1024.0,512.0,262144.0,1.0,1,1,1,1,1,1,1,1,1,1,1,normal
6,1,2,154,1,1,112,54,81.5,1,1,0,0,0,1.1224105461393596,1.4,2.0,81.5,1.0,2,0.08767975701226247,0.0,0.0,0.0269412994384765,0.0,1024.0,512.0,262144.0,1.0,0,0,0,0,0,0,0,0,0,0,0,normal
6,1,2,154,1,1,112,54,79.77777777777777,1,1,0,0,0,1.0727272727272728,1.0,1.0,79.77777777777777,1.0,2,0.08767975701226247,0.0,0.0,0.0269412994384765,0.0,1024.0,512.0,262144.0,1.0,0,0,0,0,0,0,0,0,0,0,0,normal
6,0,2,112,1,1,58,54,56.0,1,1,1,0,0,1.0727272727272728,1.0,2.0,56.0,1.0,2,0.0138282775878906,0.0,0.0,0.0269412994384765,0.0,1024.0,512.0,262144.0,1.0,1,0,0,0,0,1,0,0,0,0,0,syn_scan
6,1,2,154,1,1,112,54,81.5,1,1,0,0,0,43.0,1.7451923076923077,2.0,81.5,1.0,2,0.047894430832124,0.0,0.0,0.0269412994384765,0.0,1024.0,512.0,262144.0,1.0,0,0,0,0,0,0,0,0,0,0,0,normal
17,0,1,82,1,0,82,0,81.5,0,0,0,0,0,43.0,2.0,1.0,81.5,1.0,1,0.0128746032714843,0.0,0.0,0.0269412994384765,0.0,1024.0,512.0,262144.0,1.0,1,1,1,1,1,1,1,1,1,1,1,udp_scan
6,0,2,154,1,1,112,54,81.5,1,1,0,0,0,1.1205273069679849,1.4,2.0,81.5,1.0,2,0.08767975701226247,0.0,0.0,0.0269412994384765,0.0,1024.0,512.0,262144.0,1.0,1,0,0,0,0,0,0,0,0,0,0,normal
17,0,1,42,1,0,42,0,42.0,0,0,0,0,0,43.0,2.0,1.0,42.0,1.0,1,0.0128746032714843,0.0,0.0,0.0269412994384765,0.0,1024.0,512.0,262144.0,1.0,1,1,1,1,1,1,1,1,1,1,1,udp_scan
6,0,2,112,1,1,58,54,56.0,1,1,1,0,0,1.0727272727272728,1.0,2.0,56.0,1.0,2,0.0069141387939453,0.0,0.0,0.0269412994384765,0.0,1024.0,512.0,262144.0,1.0,1,0,0,0,0,1,0,0,0,0,0,syn_scan
6,0,2,112,1,1,58,54,56.0,1,1,1,0,0,1.0727272727272728,1.0,2.0,56.0,1.0,2,0.0391006469726562,0.0,0.0,0.0269412994384765,0.0,1024.0,512.0,262144.0,1.0,1,0,0,0,0,1,0,0,0,0,0,port_sweep
17,0,1,42,1,0,42,0,42.0,0,0,0,0,0,43.0,2.0,1.0,42.0,1.0,1,0.0128746032714843,0.0,0.0,0.0269412994384765,0.0,1024.0,512.0,262144.0,1.0,1,1,1,1,1,1,1,1,1,1,1,udp_scan
6,1,2,154,1,1,112,54,81.5,1,1,0,0,0,1.1224105461393596,1.4,2.0,81.5,1.0,2,0.08767975701226247,0.0,0.0,0.0269412994384765,0.0,1024.0,512.0,262144.0,1.0,0,0,0,0,0,0,0,0,0,0,0,normal
17,0,1,42,1,0,42,0,42.0,0,0,0,0,0,43.0,2.0,1.0,42.0,1.0,1,0.0128746032714843,0.0,0.0,0.0269412994384765,0.0,1024.0,512.0,262144.0,1.0,1,1,1,1,1,1,1,1,1,1,1,udp_scan
17,0,1,88,1,0,88,0,81.5,0,0,0,0,0,43.0,2.0,1.0,81.5,1.0,1,0.0128746032714843,0.0,0.0,0.0269412994384765,0.0,1024.0,512.0,262144.0,1.0,1,1,1,1,1,1,1,1,1,1,1,icmp_flood
6,1,2,154,1,1,112,54,79.84444444444446,1,1,0,0,0,1.0727272727272728,1.0,1.0,79.84444444444445,1.0,2,0.08767975701226247,0.0,0.0,0.0269412994384765,0.0,1024.0,512.0,262144.0,1.0,0,0,0,0,0,0,0,0,0,0,0,normal
6,1,2,154,1,1,112,54,81.5,1,1,0,0,0,1.0727272727272728,1.4,1.4285714285714286,81.5,1.0,2,0.08767975701226247,0.0,0.0,0.0269412994384765,0.0,1024.0,512.0,262144.0,1.0,0,0,0,0,0,0,0,0,0,0,0,normal
6,1,2,154,1,1,112,54,81.5,1,1,0,0,0,1.0727272727272728,1.4,2.0,81.5,1.0,2,0.08767975701226247,0.0,0.0,0.0269412994384765,0.0,1024.0,512.0,262144.0,1.0,0,0,0,0,0,0,0,0,0,0,0,normal
6,0,2,112,1,1,58,54,56.0,1,1,1,0,0,1.0727272727272728,1.0,2.0,56.0,1.0,2,0.0131130218505859,0.0,0.0,0.0269412994384765,0.0,1024.0,512.0,262144.0,1.0,1,0,0,0,0,1,0,0,0,0,0,syn_scan
6,0,2,112,1,1,58,54,56.0,1,1,1,0,0,1.0727272727272728,1.0,2.0,56.0,1.0,2,0.0128746032714843,0.0,0.0,0.0269412994384765,0.0,1024.0,512.0,262144.0,1.0,1,0,0,0,0,1,0,0,0,0,0,syn_scan
17,0,1,42,1,0,42,0,42.0,0,0,0,0,0,43.0,2.0,1.0,42.0,1.0,1,0.0128746032714843,0.0,0.0,0.0269412994384765,0.0,1024.0,512.0,262144.0,1.0,1,1,1,1,1,1,1,1,1,1,1,udp_scan
6,1,2,154,1,1,112,54,81.5,1,1,0,0,0,43.0,1.135135135135135,2.0,81.5,1.0,2,0.0268158159757915,0.0,0.0,0.0269412994384765,0.0,1024.0,512.0,262144.0,1.0,0,0,0,0,0,0,0,0,0,0,0,normal
